id,CalendarDate,DayWeek,TypeDay
1,"2018-01-01",Понедельник,Праздник
2,"2018-01-02",Вторник,Праздник
3,"2018-01-03",Среда,Праздник
4,"2018-01-04",Четверг,Праздник
5,"2018-01-05",Пятница,Праздник
6,"2018-01-06",Суббота,Праздник
7,"2018-01-07",Воскресенье,Праздник
8,"2018-01-08",Понедельник,Праздник
9,"2018-01-09",Вторник,Рабочий день
10,"2018-01-10",Среда,Рабочий день
11,"2018-01-11",Четверг,Рабочий день
12,"2018-01-12",Пятница,Рабочий день
13,"2018-01-13",Суббота,Выходной день
14,"2018-01-14",Воскресенье,Выходной день
15,"2018-01-15",Понедельник,Рабочий день
16,"2018-01-16",Вторник,Рабочий день
17,"2018-01-17",Среда,Рабочий день
18,"2018-01-18",Четверг,Рабочий день
19,"2018-01-19",Пятница,Рабочий день
20,"2018-01-20",Суббота,Выходной день
21,"2018-01-21",Воскресенье,Выходной день
22,"2018-01-22",Понедельник,Рабочий день
23,"2018-01-23",Вторник,Рабочий день
24,"2018-01-24",Среда,Рабочий день
25,"2018-01-25",Четверг,Рабочий день
26,"2018-01-26",Пятница,Рабочий день
27,"2018-01-27",Суббота,Выходной день
28,"2018-01-28",Воскресенье,Выходной день
29,"2018-01-29",Понедельник,Рабочий день
30,"2018-01-30",Вторник,Рабочий день
31,"2018-01-31",Среда,Рабочий день
32,"2018-02-01",Четверг,Рабочий день
33,"2018-02-02",Пятница,Рабочий день
34,"2018-02-03",Суббота,Выходной день
35,"2018-02-04",Воскресенье,Выходной день
36,"2018-02-05",Понедельник,Рабочий день
37,"2018-02-06",Вторник,Рабочий день
38,"2018-02-07",Среда,Рабочий день
39,"2018-02-08",Четверг,Рабочий день
40,"2018-02-09",Пятница,Рабочий день
41,"2018-02-10",Суббота,Выходной день
42,"2018-02-11",Воскресенье,Выходной день
43,"2018-02-12",Понедельник,Рабочий день
44,"2018-02-13",Вторник,Рабочий день
45,"2018-02-14",Среда,Рабочий день
46,"2018-02-15",Четверг,Рабочий день
47,"2018-02-16",Пятница,Рабочий день
48,"2018-02-17",Суббота,Выходной день
49,"2018-02-18",Воскресенье,Выходной день
50,"2018-02-19",Понедельник,Рабочий день
51,"2018-02-20",Вторник,Рабочий день
52,"2018-02-21",Среда,Рабочий день
53,"2018-02-22",Четверг,Рабочий день
54,"2018-02-23",Пятница,Праздник
55,"2018-02-24",Суббота,Выходной день
56,"2018-02-25",Воскресенье,Выходной день
57,"2018-02-26",Понедельник,Рабочий день
58,"2018-02-27",Вторник,Рабочий день
59,"2018-02-28",Среда,Рабочий день
60,"2018-03-01",Четверг,Рабочий день
61,"2018-03-02",Пятница,Рабочий день
62,"2018-03-03",Суббота,Выходной день
63,"2018-03-04",Воскресенье,Выходной день
64,"2018-03-05",Понедельник,Рабочий день
65,"2018-03-06",Вторник,Рабочий день
66,"2018-03-07",Среда,Рабочий день
67,"2018-03-08",Четверг,Праздник
68,"2018-03-09",Пятница,Выходной день
69,"2018-03-10",Суббота,Выходной день
70,"2018-03-11",Воскресенье,Выходной день
71,"2018-03-12",Понедельник,Рабочий день
72,"2018-03-13",Вторник,Рабочий день
73,"2018-03-14",Среда,Рабочий день
74,"2018-03-15",Четверг,Рабочий день
75,"2018-03-16",Пятница,Рабочий день
76,"2018-03-17",Суббота,Выходной день
77,"2018-03-18",Воскресенье,Выходной день
78,"2018-03-19",Понедельник,Рабочий день
79,"2018-03-20",Вторник,Рабочий день
80,"2018-03-21",Среда,Рабочий день
81,"2018-03-22",Четверг,Рабочий день
82,"2018-03-23",Пятница,Рабочий день
83,"2018-03-24",Суббота,Выходной день
84,"2018-03-25",Воскресенье,Выходной день
85,"2018-03-26",Понедельник,Рабочий день
86,"2018-03-27",Вторник,Рабочий день
87,"2018-03-28",Среда,Рабочий день
88,"2018-03-29",Четверг,Рабочий день
89,"2018-03-30",Пятница,Рабочий день
90,"2018-03-31",Суббота,Выходной день
91,"2018-04-01",Воскресенье,Выходной день
92,"2018-04-02",Понедельник,Рабочий день
93,"2018-04-03",Вторник,Рабочий день
94,"2018-04-04",Среда,Рабочий день
95,"2018-04-05",Четверг,Рабочий день
96,"2018-04-06",Пятница,Рабочий день
97,"2018-04-07",Суббота,Выходной день
98,"2018-04-08",Воскресенье,Выходной день
99,"2018-04-09",Понедельник,Рабочий день
100,"2018-04-10",Вторник,Рабочий день
101,"2018-04-11",Среда,Рабочий день
102,"2018-04-12",Четверг,Рабочий день
103,"2018-04-13",Пятница,Рабочий день
104,"2018-04-14",Суббота,Выходной день
105,"2018-04-15",Воскресенье,Выходной день
106,"2018-04-16",Понедельник,Рабочий день
107,"2018-04-17",Вторник,Рабочий день
108,"2018-04-18",Среда,Рабочий день
109,"2018-04-19",Четверг,Рабочий день
110,"2018-04-20",Пятница,Рабочий день
111,"2018-04-21",Суббота,Выходной день
112,"2018-04-22",Воскресенье,Выходной день
113,"2018-04-23",Понедельник,Рабочий день
114,"2018-04-24",Вторник,Рабочий день
115,"2018-04-25",Среда,Рабочий день
116,"2018-04-26",Четверг,Рабочий день
117,"2018-04-27",Пятница,Рабочий день
118,"2018-04-28",Суббота,Рабочий день
119,"2018-04-29",Воскресенье,Выходной день
120,"2018-04-30",Понедельник,Выходной день
121,"2018-05-01",Вторник,Праздник
122,"2018-05-02",Среда,Выходной день
123,"2018-05-03",Четверг,Рабочий день
124,"2018-05-04",Пятница,Рабочий день
125,"2018-05-05",Суббота,Выходной день
126,"2018-05-06",Воскресенье,Выходной день
127,"2018-05-07",Понедельник,Рабочий день
128,"2018-05-08",Вторник,Рабочий день
129,"2018-05-09",Среда,Праздник
130,"2018-05-10",Четверг,Рабочий день
131,"2018-05-11",Пятница,Рабочий день
132,"2018-05-12",Суббота,Выходной день
133,"2018-05-13",Воскресенье,Выходной день
134,"2018-05-14",Понедельник,Рабочий день
135,"2018-05-15",Вторник,Рабочий день
136,"2018-05-16",Среда,Рабочий день
137,"2018-05-17",Четверг,Рабочий день
138,"2018-05-18",Пятница,Рабочий день
139,"2018-05-19",Суббота,Выходной день
140,"2018-05-20",Воскресенье,Выходной день
141,"2018-05-21",Понедельник,Рабочий день
142,"2018-05-22",Вторник,Рабочий день
143,"2018-05-23",Среда,Рабочий день
144,"2018-05-24",Четверг,Рабочий день
145,"2018-05-25",Пятница,Рабочий день
146,"2018-05-26",Суббота,Выходной день
147,"2018-05-27",Воскресенье,Выходной день
148,"2018-05-28",Понедельник,Рабочий день
149,"2018-05-29",Вторник,Рабочий день
150,"2018-05-30",Среда,Рабочий день
151,"2018-05-31",Четверг,Рабочий день
152,"2018-06-01",Пятница,Рабочий день
153,"2018-06-02",Суббота,Выходной день
154,"2018-06-03",Воскресенье,Выходной день
155,"2018-06-04",Понедельник,Рабочий день
156,"2018-06-05",Вторник,Рабочий день
157,"2018-06-06",Среда,Рабочий день
158,"2018-06-07",Четверг,Рабочий день
159,"2018-06-08",Пятница,Рабочий день
160,"2018-06-09",Суббота,Рабочий день
161,"2018-06-10",Воскресенье,Выходной день
162,"2018-06-11",Понедельник,Выходной день
163,"2018-06-12",Вторник,Праздник
164,"2018-06-13",Среда,Рабочий день
165,"2018-06-14",Четверг,Рабочий день
166,"2018-06-15",Пятница,Рабочий день
167,"2018-06-16",Суббота,Выходной день
168,"2018-06-17",Воскресенье,Выходной день
169,"2018-06-18",Понедельник,Рабочий день
170,"2018-06-19",Вторник,Рабочий день
171,"2018-06-20",Среда,Рабочий день
172,"2018-06-21",Четверг,Рабочий день
173,"2018-06-22",Пятница,Рабочий день
174,"2018-06-23",Суббота,Выходной день
175,"2018-06-24",Воскресенье,Выходной день
176,"2018-06-25",Понедельник,Рабочий день
177,"2018-06-26",Вторник,Рабочий день
178,"2018-06-27",Среда,Рабочий день
179,"2018-06-28",Четверг,Рабочий день
180,"2018-06-29",Пятница,Рабочий день
181,"2018-06-30",Суббота,Выходной день
182,"2018-07-01",Воскресенье,Выходной день
183,"2018-07-02",Понедельник,Рабочий день
184,"2018-07-03",Вторник,Рабочий день
185,"2018-07-04",Среда,Рабочий день
186,"2018-07-05",Четверг,Рабочий день
187,"2018-07-06",Пятница,Рабочий день
188,"2018-07-07",Суббота,Выходной день
189,"2018-07-08",Воскресенье,Выходной день
190,"2018-07-09",Понедельник,Рабочий день
191,"2018-07-10",Вторник,Рабочий день
192,"2018-07-11",Среда,Рабочий день
193,"2018-07-12",Четверг,Рабочий день
194,"2018-07-13",Пятница,Рабочий день
195,"2018-07-14",Суббота,Выходной день
196,"2018-07-15",Воскресенье,Выходной день
197,"2018-07-16",Понедельник,Рабочий день
198,"2018-07-17",Вторник,Рабочий день
199,"2018-07-18",Среда,Рабочий день
200,"2018-07-19",Четверг,Рабочий день
201,"2018-07-20",Пятница,Рабочий день
202,"2018-07-21",Суббота,Выходной день
203,"2018-07-22",Воскресенье,Выходной день
204,"2018-07-23",Понедельник,Рабочий день
205,"2018-07-24",Вторник,Рабочий день
206,"2018-07-25",Среда,Рабочий день
207,"2018-07-26",Четверг,Рабочий день
208,"2018-07-27",Пятница,Рабочий день
209,"2018-07-28",Суббота,Выходной день
210,"2018-07-29",Воскресенье,Выходной день
211,"2018-07-30",Понедельник,Рабочий день
212,"2018-07-31",Вторник,Рабочий день
213,"2018-08-01",Среда,Рабочий день
214,"2018-08-02",Четверг,Рабочий день
215,"2018-08-03",Пятница,Рабочий день
216,"2018-08-04",Суббота,Выходной день
217,"2018-08-05",Воскресенье,Выходной день
218,"2018-08-06",Понедельник,Рабочий день
219,"2018-08-07",Вторник,Рабочий день
220,"2018-08-08",Среда,Рабочий день
221,"2018-08-09",Четверг,Рабочий день
222,"2018-08-10",Пятница,Рабочий день
223,"2018-08-11",Суббота,Выходной день
224,"2018-08-12",Воскресенье,Выходной день
225,"2018-08-13",Понедельник,Рабочий день
226,"2018-08-14",Вторник,Рабочий день
227,"2018-08-15",Среда,Рабочий день
228,"2018-08-16",Четверг,Рабочий день
229,"2018-08-17",Пятница,Рабочий день
230,"2018-08-18",Суббота,Выходной день
231,"2018-08-19",Воскресенье,Выходной день
232,"2018-08-20",Понедельник,Рабочий день
233,"2018-08-21",Вторник,Рабочий день
234,"2018-08-22",Среда,Рабочий день
235,"2018-08-23",Четверг,Рабочий день
236,"2018-08-24",Пятница,Рабочий день
237,"2018-08-25",Суббота,Выходной день
238,"2018-08-26",Воскресенье,Выходной день
239,"2018-08-27",Понедельник,Рабочий день
240,"2018-08-28",Вторник,Рабочий день
241,"2018-08-29",Среда,Рабочий день
242,"2018-08-30",Четверг,Рабочий день
243,"2018-08-31",Пятница,Рабочий день
244,"2018-09-01",Суббота,Выходной день
245,"2018-09-02",Воскресенье,Выходной день
246,"2018-09-03",Понедельник,Рабочий день
247,"2018-09-04",Вторник,Рабочий день
248,"2018-09-05",Среда,Рабочий день
249,"2018-09-06",Четверг,Рабочий день
250,"2018-09-07",Пятница,Рабочий день
251,"2018-09-08",Суббота,Выходной день
252,"2018-09-09",Воскресенье,Выходной день
253,"2018-09-10",Понедельник,Рабочий день
254,"2018-09-11",Вторник,Рабочий день
255,"2018-09-12",Среда,Рабочий день
256,"2018-09-13",Четверг,Рабочий день
257,"2018-09-14",Пятница,Рабочий день
258,"2018-09-15",Суббота,Выходной день
259,"2018-09-16",Воскресенье,Выходной день
260,"2018-09-17",Понедельник,Рабочий день
261,"2018-09-18",Вторник,Рабочий день
262,"2018-09-19",Среда,Рабочий день
263,"2018-09-20",Четверг,Рабочий день
264,"2018-09-21",Пятница,Рабочий день
265,"2018-09-22",Суббота,Выходной день
266,"2018-09-23",Воскресенье,Выходной день
267,"2018-09-24",Понедельник,Рабочий день
268,"2018-09-25",Вторник,Рабочий день
269,"2018-09-26",Среда,Рабочий день
270,"2018-09-27",Четверг,Рабочий день
271,"2018-09-28",Пятница,Рабочий день
272,"2018-09-29",Суббота,Выходной день
273,"2018-09-30",Воскресенье,Выходной день
274,"2018-10-01",Понедельник,Рабочий день
275,"2018-10-02",Вторник,Рабочий день
276,"2018-10-03",Среда,Рабочий день
277,"2018-10-04",Четверг,Рабочий день
278,"2018-10-05",Пятница,Рабочий день
279,"2018-10-06",Суббота,Выходной день
280,"2018-10-07",Воскресенье,Выходной день
281,"2018-10-08",Понедельник,Рабочий день
282,"2018-10-09",Вторник,Рабочий день
283,"2018-10-10",Среда,Рабочий день
284,"2018-10-11",Четверг,Рабочий день
285,"2018-10-12",Пятница,Рабочий день
286,"2018-10-13",Суббота,Выходной день
287,"2018-10-14",Воскресенье,Выходной день
288,"2018-10-15",Понедельник,Рабочий день
289,"2018-10-16",Вторник,Рабочий день
290,"2018-10-17",Среда,Рабочий день
291,"2018-10-18",Четверг,Рабочий день
292,"2018-10-19",Пятница,Рабочий день
293,"2018-10-20",Суббота,Выходной день
294,"2018-10-21",Воскресенье,Выходной день
295,"2018-10-22",Понедельник,Рабочий день
296,"2018-10-23",Вторник,Рабочий день
297,"2018-10-24",Среда,Рабочий день
298,"2018-10-25",Четверг,Рабочий день
299,"2018-10-26",Пятница,Рабочий день
300,"2018-10-27",Суббота,Выходной день
301,"2018-10-28",Воскресенье,Выходной день
302,"2018-10-29",Понедельник,Рабочий день
303,"2018-10-30",Вторник,Рабочий день
304,"2018-10-31",Среда,Рабочий день
305,"2018-11-01",Четверг,Рабочий день
306,"2018-11-02",Пятница,Рабочий день
307,"2018-11-03",Суббота,Выходной день
308,"2018-11-04",Воскресенье,Выходной день
309,"2018-11-05",Понедельник,Выходной день
310,"2018-11-06",Вторник,Рабочий день
311,"2018-11-07",Среда,Рабочий день
312,"2018-11-08",Четверг,Рабочий день
313,"2018-11-09",Пятница,Рабочий день
314,"2018-11-10",Суббота,Выходной день
315,"2018-11-11",Воскресенье,Выходной день
316,"2018-11-12",Понедельник,Рабочий день
317,"2018-11-13",Вторник,Рабочий день
318,"2018-11-14",Среда,Рабочий день
319,"2018-11-15",Четверг,Рабочий день
320,"2018-11-16",Пятница,Рабочий день
321,"2018-11-17",Суббота,Выходной день
322,"2018-11-18",Воскресенье,Выходной день
323,"2018-11-19",Понедельник,Рабочий день
324,"2018-11-20",Вторник,Рабочий день
325,"2018-11-21",Среда,Рабочий день
326,"2018-11-22",Четверг,Рабочий день
327,"2018-11-23",Пятница,Рабочий день
328,"2018-11-24",Суббота,Выходной день
329,"2018-11-25",Воскресенье,Выходной день
330,"2018-11-26",Понедельник,Рабочий день
331,"2018-11-27",Вторник,Рабочий день
332,"2018-11-28",Среда,Рабочий день
333,"2018-11-29",Четверг,Рабочий день
334,"2018-11-30",Пятница,Рабочий день
335,"2018-12-01",Суббота,Выходной день
336,"2018-12-02",Воскресенье,Выходной день
337,"2018-12-03",Понедельник,Рабочий день
338,"2018-12-04",Вторник,Рабочий день
339,"2018-12-05",Среда,Рабочий день
340,"2018-12-06",Четверг,Рабочий день
341,"2018-12-07",Пятница,Рабочий день
342,"2018-12-08",Суббота,Выходной день
343,"2018-12-09",Воскресенье,Выходной день
344,"2018-12-10",Понедельник,Рабочий день
345,"2018-12-11",Вторник,Рабочий день
346,"2018-12-12",Среда,Рабочий день
347,"2018-12-13",Четверг,Рабочий день
348,"2018-12-14",Пятница,Рабочий день
349,"2018-12-15",Суббота,Выходной день
350,"2018-12-16",Воскресенье,Выходной день
351,"2018-12-17",Понедельник,Рабочий день
352,"2018-12-18",Вторник,Рабочий день
353,"2018-12-19",Среда,Рабочий день
354,"2018-12-20",Четверг,Рабочий день
355,"2018-12-21",Пятница,Рабочий день
356,"2018-12-22",Суббота,Выходной день
357,"2018-12-23",Воскресенье,Выходной день
358,"2018-12-24",Понедельник,Рабочий день
359,"2018-12-25",Вторник,Рабочий день
360,"2018-12-26",Среда,Рабочий день
361,"2018-12-27",Четверг,Рабочий день
362,"2018-12-28",Пятница,Рабочий день
363,"2018-12-29",Суббота,Рабочий день
364,"2018-12-30",Воскресенье,Выходной день
365,"2018-12-31",Понедельник,Выходной день
366,"2019-01-01",Вторник,Праздник
367,"2019-01-02",Среда,Выходной день
368,"2019-01-03",Четверг,Выходной день
369,"2019-01-04",Пятница,Выходной день
370,"2019-01-05",Суббота,Выходной день
371,"2019-01-06",Воскресенье,Выходной день
372,"2019-01-07",Понедельник,Выходной день
373,"2019-01-08",Вторник,Выходной день
374,"2019-01-09",Среда,Рабочий день
375,"2019-01-10",Четверг,Рабочий день
376,"2019-01-11",Пятница,Рабочий день
377,"2019-01-12",Суббота,Выходной день
378,"2019-01-13",Воскресенье,Выходной день
379,"2019-01-14",Понедельник,Рабочий день
380,"2019-01-15",Вторник,Рабочий день
381,"2019-01-16",Среда,Рабочий день
382,"2019-01-17",Четверг,Рабочий день
383,"2019-01-18",Пятница,Рабочий день
384,"2019-01-19",Суббота,Выходной день
385,"2019-01-20",Воскресенье,Выходной день
386,"2019-01-21",Понедельник,Рабочий день
387,"2019-01-22",Вторник,Рабочий день
388,"2019-01-23",Среда,Рабочий день
389,"2019-01-24",Четверг,Рабочий день
390,"2019-01-25",Пятница,Рабочий день
391,"2019-01-26",Суббота,Выходной день
392,"2019-01-27",Воскресенье,Выходной день
393,"2019-01-28",Понедельник,Рабочий день
394,"2019-01-29",Вторник,Рабочий день
395,"2019-01-30",Среда,Рабочий день
396,"2019-01-31",Четверг,Рабочий день
397,"2019-02-01",Пятница,Рабочий день
398,"2019-02-02",Суббота,Выходной день
399,"2019-02-03",Воскресенье,Выходной день
400,"2019-02-04",Понедельник,Рабочий день
401,"2019-02-05",Вторник,Рабочий день
402,"2019-02-06",Среда,Рабочий день
403,"2019-02-07",Четверг,Рабочий день
404,"2019-02-08",Пятница,Рабочий день
405,"2019-02-09",Суббота,Выходной день
406,"2019-02-10",Воскресенье,Выходной день
407,"2019-02-11",Понедельник,Рабочий день
408,"2019-02-12",Вторник,Рабочий день
409,"2019-02-13",Среда,Рабочий день
410,"2019-02-14",Четверг,Рабочий день
411,"2019-02-15",Пятница,Рабочий день
412,"2019-02-16",Суббота,Выходной день
413,"2019-02-17",Воскресенье,Выходной день
414,"2019-02-18",Понедельник,Рабочий день
415,"2019-02-19",Вторник,Рабочий день
416,"2019-02-20",Среда,Рабочий день
417,"2019-02-21",Четверг,Рабочий день
418,"2019-02-22",Пятница,Рабочий день
419,"2019-02-23",Суббота,Выходной день
420,"2019-02-24",Воскресенье,Выходной день
421,"2019-02-25",Понедельник,Рабочий день
422,"2019-02-26",Вторник,Рабочий день
423,"2019-02-27",Среда,Рабочий день
424,"2019-02-28",Четверг,Рабочий день
425,"2019-03-01",Пятница,Рабочий день
426,"2019-03-02",Суббота,Выходной день
427,"2019-03-03",Воскресенье,Выходной день
428,"2019-03-04",Понедельник,Рабочий день
429,"2019-03-05",Вторник,Рабочий день
430,"2019-03-06",Среда,Рабочий день
431,"2019-03-07",Четверг,Рабочий день
432,"2019-03-08",Пятница,Праздник
433,"2019-03-09",Суббота,Выходной день
434,"2019-03-10",Воскресенье,Выходной день
435,"2019-03-11",Понедельник,Рабочий день
436,"2019-03-12",Вторник,Рабочий день
437,"2019-03-13",Среда,Рабочий день
438,"2019-03-14",Четверг,Рабочий день
439,"2019-03-15",Пятница,Рабочий день
440,"2019-03-16",Суббота,Выходной день
441,"2019-03-17",Воскресенье,Выходной день
442,"2019-03-18",Понедельник,Рабочий день
443,"2019-03-19",Вторник,Рабочий день
444,"2019-03-20",Среда,Рабочий день
445,"2019-03-21",Четверг,Рабочий день
446,"2019-03-22",Пятница,Рабочий день
447,"2019-03-23",Суббота,Выходной день
448,"2019-03-24",Воскресенье,Выходной день
449,"2019-03-25",Понедельник,Рабочий день
450,"2019-03-26",Вторник,Рабочий день
451,"2019-03-27",Среда,Рабочий день
452,"2019-03-28",Четверг,Рабочий день
453,"2019-03-29",Пятница,Рабочий день
454,"2019-03-30",Суббота,Выходной день
455,"2019-03-31",Воскресенье,Выходной день
456,"2019-04-01",Понедельник,Рабочий день
457,"2019-04-02",Вторник,Рабочий день
458,"2019-04-03",Среда,Рабочий день
459,"2019-04-04",Четверг,Рабочий день
460,"2019-04-05",Пятница,Рабочий день
461,"2019-04-06",Суббота,Выходной день
462,"2019-04-07",Воскресенье,Выходной день
463,"2019-04-08",Понедельник,Рабочий день
464,"2019-04-09",Вторник,Рабочий день
465,"2019-04-10",Среда,Рабочий день
466,"2019-04-11",Четверг,Рабочий день
467,"2019-04-12",Пятница,Рабочий день
468,"2019-04-13",Суббота,Выходной день
469,"2019-04-14",Воскресенье,Выходной день
470,"2019-04-15",Понедельник,Рабочий день
471,"2019-04-16",Вторник,Рабочий день
472,"2019-04-17",Среда,Рабочий день
473,"2019-04-18",Четверг,Рабочий день
474,"2019-04-19",Пятница,Рабочий день
475,"2019-04-20",Суббота,Выходной день
476,"2019-04-21",Воскресенье,Выходной день
477,"2019-04-22",Понедельник,Рабочий день
478,"2019-04-23",Вторник,Рабочий день
479,"2019-04-24",Среда,Рабочий день
480,"2019-04-25",Четверг,Рабочий день
481,"2019-04-26",Пятница,Рабочий день
482,"2019-04-27",Суббота,Выходной день
483,"2019-04-28",Воскресенье,Выходной день
484,"2019-04-29",Понедельник,Рабочий день
485,"2019-04-30",Вторник,Рабочий день
486,"2019-05-01",Среда,Праздник
487,"2019-05-02",Четверг,Выходной день
488,"2019-05-03",Пятница,Выходной день
489,"2019-05-04",Суббота,Выходной день
490,"2019-05-05",Воскресенье,Выходной день
491,"2019-05-06",Понедельник,Рабочий день
492,"2019-05-07",Вторник,Рабочий день
493,"2019-05-08",Среда,Рабочий день
494,"2019-05-09",Четверг,Праздник
495,"2019-05-10",Пятница,Выходной день
496,"2019-05-11",Суббота,Выходной день
497,"2019-05-12",Воскресенье,Выходной день
498,"2019-05-13",Понедельник,Рабочий день
499,"2019-05-14",Вторник,Рабочий день
500,"2019-05-15",Среда,Рабочий день
501,"2019-05-16",Четверг,Рабочий день
502,"2019-05-17",Пятница,Рабочий день
503,"2019-05-18",Суббота,Выходной день
504,"2019-05-19",Воскресенье,Выходной день
505,"2019-05-20",Понедельник,Рабочий день
506,"2019-05-21",Вторник,Рабочий день
507,"2019-05-22",Среда,Рабочий день
508,"2019-05-23",Четверг,Рабочий день
509,"2019-05-24",Пятница,Рабочий день
510,"2019-05-25",Суббота,Выходной день
511,"2019-05-26",Воскресенье,Выходной день
512,"2019-05-27",Понедельник,Рабочий день
513,"2019-05-28",Вторник,Рабочий день
514,"2019-05-29",Среда,Рабочий день
515,"2019-05-30",Четверг,Рабочий день
516,"2019-05-31",Пятница,Рабочий день
517,"2019-06-01",Суббота,Выходной день
518,"2019-06-02",Воскресенье,Выходной день
519,"2019-06-03",Понедельник,Рабочий день
520,"2019-06-04",Вторник,Рабочий день
521,"2019-06-05",Среда,Рабочий день
522,"2019-06-06",Четверг,Рабочий день
523,"2019-06-07",Пятница,Рабочий день
524,"2019-06-08",Суббота,Выходной день
525,"2019-06-09",Воскресенье,Выходной день
526,"2019-06-10",Понедельник,Рабочий день
527,"2019-06-11",Вторник,Рабочий день
528,"2019-06-12",Среда,Праздник
529,"2019-06-13",Четверг,Рабочий день
530,"2019-06-14",Пятница,Рабочий день
531,"2019-06-15",Суббота,Выходной день
532,"2019-06-16",Воскресенье,Выходной день
533,"2019-06-17",Понедельник,Рабочий день
534,"2019-06-18",Вторник,Рабочий день
535,"2019-06-19",Среда,Рабочий день
536,"2019-06-20",Четверг,Рабочий день
537,"2019-06-21",Пятница,Рабочий день
538,"2019-06-22",Суббота,Выходной день
539,"2019-06-23",Воскресенье,Выходной день
540,"2019-06-24",Понедельник,Рабочий день
541,"2019-06-25",Вторник,Рабочий день
542,"2019-06-26",Среда,Рабочий день
543,"2019-06-27",Четверг,Рабочий день
544,"2019-06-28",Пятница,Рабочий день
545,"2019-06-29",Суббота,Выходной день
546,"2019-06-30",Воскресенье,Выходной день
547,"2019-07-01",Понедельник,Рабочий день
548,"2019-07-02",Вторник,Рабочий день
549,"2019-07-03",Среда,Рабочий день
550,"2019-07-04",Четверг,Рабочий день
551,"2019-07-05",Пятница,Рабочий день
552,"2019-07-06",Суббота,Выходной день
553,"2019-07-07",Воскресенье,Выходной день
554,"2019-07-08",Понедельник,Рабочий день
555,"2019-07-09",Вторник,Рабочий день
556,"2019-07-10",Среда,Рабочий день
557,"2019-07-11",Четверг,Рабочий день
558,"2019-07-12",Пятница,Рабочий день
559,"2019-07-13",Суббота,Выходной день
560,"2019-07-14",Воскресенье,Выходной день
561,"2019-07-15",Понедельник,Рабочий день
562,"2019-07-16",Вторник,Рабочий день
563,"2019-07-17",Среда,Рабочий день
564,"2019-07-18",Четверг,Рабочий день
565,"2019-07-19",Пятница,Рабочий день
566,"2019-07-20",Суббота,Выходной день
567,"2019-07-21",Воскресенье,Выходной день
568,"2019-07-22",Понедельник,Рабочий день
569,"2019-07-23",Вторник,Рабочий день
570,"2019-07-24",Среда,Рабочий день
571,"2019-07-25",Четверг,Рабочий день
572,"2019-07-26",Пятница,Рабочий день
573,"2019-07-27",Суббота,Выходной день
574,"2019-07-28",Воскресенье,Выходной день
575,"2019-07-29",Понедельник,Рабочий день
576,"2019-07-30",Вторник,Рабочий день
577,"2019-07-31",Среда,Рабочий день
578,"2019-08-01",Четверг,Рабочий день
579,"2019-08-02",Пятница,Рабочий день
580,"2019-08-03",Суббота,Выходной день
581,"2019-08-04",Воскресенье,Выходной день
582,"2019-08-05",Понедельник,Рабочий день
583,"2019-08-06",Вторник,Рабочий день
584,"2019-08-07",Среда,Рабочий день
585,"2019-08-08",Четверг,Рабочий день
586,"2019-08-09",Пятница,Рабочий день
587,"2019-08-10",Суббота,Выходной день
588,"2019-08-11",Воскресенье,Выходной день
589,"2019-08-12",Понедельник,Рабочий день
590,"2019-08-13",Вторник,Рабочий день
591,"2019-08-14",Среда,Рабочий день
592,"2019-08-15",Четверг,Рабочий день
593,"2019-08-16",Пятница,Рабочий день
594,"2019-08-17",Суббота,Выходной день
595,"2019-08-18",Воскресенье,Выходной день
596,"2019-08-19",Понедельник,Рабочий день
597,"2019-08-20",Вторник,Рабочий день
598,"2019-08-21",Среда,Рабочий день
599,"2019-08-22",Четверг,Рабочий день
600,"2019-08-23",Пятница,Рабочий день
601,"2019-08-24",Суббота,Выходной день
602,"2019-08-25",Воскресенье,Выходной день
603,"2019-08-26",Понедельник,Рабочий день
604,"2019-08-27",Вторник,Рабочий день
605,"2019-08-28",Среда,Рабочий день
606,"2019-08-29",Четверг,Рабочий день
607,"2019-08-30",Пятница,Рабочий день
608,"2019-08-31",Суббота,Выходной день
609,"2019-09-01",Воскресенье,Выходной день
610,"2019-09-02",Понедельник,Рабочий день
611,"2019-09-03",Вторник,Рабочий день
612,"2019-09-04",Среда,Рабочий день
613,"2019-09-05",Четверг,Рабочий день
614,"2019-09-06",Пятница,Рабочий день
615,"2019-09-07",Суббота,Выходной день
616,"2019-09-08",Воскресенье,Выходной день
617,"2019-09-09",Понедельник,Рабочий день
618,"2019-09-10",Вторник,Рабочий день
619,"2019-09-11",Среда,Рабочий день
620,"2019-09-12",Четверг,Рабочий день
621,"2019-09-13",Пятница,Рабочий день
622,"2019-09-14",Суббота,Выходной день
623,"2019-09-15",Воскресенье,Выходной день
624,"2019-09-16",Понедельник,Рабочий день
625,"2019-09-17",Вторник,Рабочий день
626,"2019-09-18",Среда,Рабочий день
627,"2019-09-19",Четверг,Рабочий день
628,"2019-09-20",Пятница,Рабочий день
629,"2019-09-21",Суббота,Выходной день
630,"2019-09-22",Воскресенье,Выходной день
631,"2019-09-23",Понедельник,Рабочий день
632,"2019-09-24",Вторник,Рабочий день
633,"2019-09-25",Среда,Рабочий день
634,"2019-09-26",Четверг,Рабочий день
635,"2019-09-27",Пятница,Рабочий день
636,"2019-09-28",Суббота,Выходной день
637,"2019-09-29",Воскресенье,Выходной день
638,"2019-09-30",Понедельник,Рабочий день
639,"2019-10-01",Вторник,Рабочий день
640,"2019-10-02",Среда,Рабочий день
641,"2019-10-03",Четверг,Рабочий день
642,"2019-10-04",Пятница,Рабочий день
643,"2019-10-05",Суббота,Выходной день
644,"2019-10-06",Воскресенье,Выходной день
645,"2019-10-07",Понедельник,Рабочий день
646,"2019-10-08",Вторник,Рабочий день
647,"2019-10-09",Среда,Рабочий день
648,"2019-10-10",Четверг,Рабочий день
649,"2019-10-11",Пятница,Рабочий день
650,"2019-10-12",Суббота,Выходной день
651,"2019-10-13",Воскресенье,Выходной день
652,"2019-10-14",Понедельник,Рабочий день
653,"2019-10-15",Вторник,Рабочий день
654,"2019-10-16",Среда,Рабочий день
655,"2019-10-17",Четверг,Рабочий день
656,"2019-10-18",Пятница,Рабочий день
657,"2019-10-19",Суббота,Выходной день
658,"2019-10-20",Воскресенье,Выходной день
659,"2019-10-21",Понедельник,Рабочий день
660,"2019-10-22",Вторник,Рабочий день
661,"2019-10-23",Среда,Рабочий день
662,"2019-10-24",Четверг,Рабочий день
663,"2019-10-25",Пятница,Рабочий день
664,"2019-10-26",Суббота,Выходной день
665,"2019-10-27",Воскресенье,Выходной день
666,"2019-10-28",Понедельник,Рабочий день
667,"2019-10-29",Вторник,Рабочий день
668,"2019-10-30",Среда,Рабочий день
669,"2019-10-31",Четверг,Рабочий день
670,"2019-11-01",Пятница,Рабочий день
671,"2019-11-02",Суббота,Выходной день
672,"2019-11-03",Воскресенье,Выходной день
673,"2019-11-04",Понедельник,Праздник
674,"2019-11-05",Вторник,Рабочий день
675,"2019-11-06",Среда,Рабочий день
676,"2019-11-07",Четверг,Рабочий день
677,"2019-11-08",Пятница,Рабочий день
678,"2019-11-09",Суббота,Выходной день
679,"2019-11-10",Воскресенье,Выходной день
680,"2019-11-11",Понедельник,Рабочий день
681,"2019-11-12",Вторник,Рабочий день
682,"2019-11-13",Среда,Рабочий день
683,"2019-11-14",Четверг,Рабочий день
684,"2019-11-15",Пятница,Рабочий день
685,"2019-11-16",Суббота,Выходной день
686,"2019-11-17",Воскресенье,Выходной день
687,"2019-11-18",Понедельник,Рабочий день
688,"2019-11-19",Вторник,Рабочий день
689,"2019-11-20",Среда,Рабочий день
690,"2019-11-21",Четверг,Рабочий день
691,"2019-11-22",Пятница,Рабочий день
692,"2019-11-23",Суббота,Выходной день
693,"2019-11-24",Воскресенье,Выходной день
694,"2019-11-25",Понедельник,Рабочий день
695,"2019-11-26",Вторник,Рабочий день
696,"2019-11-27",Среда,Рабочий день
697,"2019-11-28",Четверг,Рабочий день
698,"2019-11-29",Пятница,Рабочий день
699,"2019-11-30",Суббота,Выходной день
700,"2019-12-01",Воскресенье,Выходной день
701,"2019-12-02",Понедельник,Рабочий день
702,"2019-12-03",Вторник,Рабочий день
703,"2019-12-04",Среда,Рабочий день
704,"2019-12-05",Четверг,Рабочий день
705,"2019-12-06",Пятница,Рабочий день
706,"2019-12-07",Суббота,Выходной день
707,"2019-12-08",Воскресенье,Выходной день
708,"2019-12-09",Понедельник,Рабочий день
709,"2019-12-10",Вторник,Рабочий день
710,"2019-12-11",Среда,Рабочий день
711,"2019-12-12",Четверг,Рабочий день
712,"2019-12-13",Пятница,Рабочий день
713,"2019-12-14",Суббота,Выходной день
714,"2019-12-15",Воскресенье,Выходной день
715,"2019-12-16",Понедельник,Рабочий день
716,"2019-12-17",Вторник,Рабочий день
717,"2019-12-18",Среда,Рабочий день
718,"2019-12-19",Четверг,Рабочий день
719,"2019-12-20",Пятница,Рабочий день
720,"2019-12-21",Суббота,Выходной день
721,"2019-12-22",Воскресенье,Выходной день
722,"2019-12-23",Понедельник,Рабочий день
723,"2019-12-24",Вторник,Рабочий день
724,"2019-12-25",Среда,Рабочий день
725,"2019-12-26",Четверг,Рабочий день
726,"2019-12-27",Пятница,Рабочий день
727,"2019-12-28",Суббота,Выходной день
728,"2019-12-29",Воскресенье,Выходной день
729,"2019-12-30",Понедельник,Рабочий день
730,"2019-12-31",Вторник,Рабочий день
731,"2020-01-01",Среда,Праздник
732,"2020-01-02",Четверг,Выходной день
733,"2020-01-03",Пятница,Выходной день
734,"2020-01-04",Суббота,Выходной день
735,"2020-01-05",Воскресенье,Выходной день
736,"2020-01-06",Понедельник,Выходной день
737,"2020-01-07",Вторник,Выходной день
738,"2020-01-08",Среда,Выходной день
739,"2020-01-09",Четверг,Рабочий день
740,"2020-01-10",Пятница,Рабочий день
741,"2020-01-11",Суббота,Выходной день
742,"2020-01-12",Воскресенье,Выходной день
743,"2020-01-13",Понедельник,Рабочий день
744,"2020-01-14",Вторник,Рабочий день
745,"2020-01-15",Среда,Рабочий день
746,"2020-01-16",Четверг,Рабочий день
747,"2020-01-17",Пятница,Рабочий день
748,"2020-01-18",Суббота,Выходной день
749,"2020-01-19",Воскресенье,Выходной день
750,"2020-01-20",Понедельник,Рабочий день
751,"2020-01-21",Вторник,Рабочий день
752,"2020-01-22",Среда,Рабочий день
753,"2020-01-23",Четверг,Рабочий день
754,"2020-01-24",Пятница,Рабочий день
755,"2020-01-25",Суббота,Выходной день
756,"2020-01-26",Воскресенье,Выходной день
757,"2020-01-27",Понедельник,Рабочий день
758,"2020-01-28",Вторник,Рабочий день
759,"2020-01-29",Среда,Рабочий день
760,"2020-01-30",Четверг,Рабочий день
761,"2020-01-31",Пятница,Рабочий день
762,"2020-02-01",Суббота,Выходной день
763,"2020-02-02",Воскресенье,Выходной день
764,"2020-02-03",Понедельник,Рабочий день
765,"2020-02-04",Вторник,Рабочий день
766,"2020-02-05",Среда,Рабочий день
767,"2020-02-06",Четверг,Рабочий день
768,"2020-02-07",Пятница,Рабочий день
769,"2020-02-08",Суббота,Выходной день
770,"2020-02-09",Воскресенье,Выходной день
771,"2020-02-10",Понедельник,Рабочий день
772,"2020-02-11",Вторник,Рабочий день
773,"2020-02-12",Среда,Рабочий день
774,"2020-02-13",Четверг,Рабочий день
775,"2020-02-14",Пятница,Рабочий день
776,"2020-02-15",Суббота,Выходной день
777,"2020-02-16",Воскресенье,Выходной день
778,"2020-02-17",Понедельник,Рабочий день
779,"2020-02-18",Вторник,Рабочий день
780,"2020-02-19",Среда,Рабочий день
781,"2020-02-20",Четверг,Рабочий день
782,"2020-02-21",Пятница,Рабочий день
783,"2020-02-22",Суббота,Выходной день
784,"2020-02-23",Воскресенье,Выходной день
785,"2020-02-24",Понедельник,Выходной день
786,"2020-02-25",Вторник,Рабочий день
787,"2020-02-26",Среда,Рабочий день
788,"2020-02-27",Четверг,Рабочий день
789,"2020-02-28",Пятница,Рабочий день
790,"2020-02-29",Суббота,Выходной день
791,"2020-03-01",Воскресенье,Выходной день
792,"2020-03-02",Понедельник,Рабочий день
793,"2020-03-03",Вторник,Рабочий день
794,"2020-03-04",Среда,Рабочий день
795,"2020-03-05",Четверг,Рабочий день
796,"2020-03-06",Пятница,Рабочий день
797,"2020-03-07",Суббота,Выходной день
798,"2020-03-08",Воскресенье,Праздник
799,"2020-03-09",Понедельник,Выходной день
800,"2020-03-10",Вторник,Рабочий день
801,"2020-03-11",Среда,Рабочий день
802,"2020-03-12",Четверг,Рабочий день
803,"2020-03-13",Пятница,Рабочий день
804,"2020-03-14",Суббота,Выходной день
805,"2020-03-15",Воскресенье,Выходной день
806,"2020-03-16",Понедельник,Рабочий день
807,"2020-03-17",Вторник,Рабочий день
808,"2020-03-18",Среда,Рабочий день
809,"2020-03-19",Четверг,Рабочий день
810,"2020-03-20",Пятница,Рабочий день
811,"2020-03-21",Суббота,Выходной день
812,"2020-03-22",Воскресенье,Выходной день
813,"2020-03-23",Понедельник,Рабочий день
814,"2020-03-24",Вторник,Рабочий день
815,"2020-03-25",Среда,Рабочий день
816,"2020-03-26",Четверг,Рабочий день
817,"2020-03-27",Пятница,Рабочий день
818,"2020-03-28",Суббота,Выходной день
819,"2020-03-29",Воскресенье,Выходной день
820,"2020-03-30",Понедельник,Рабочий день
821,"2020-03-31",Вторник,Рабочий день
822,"2020-04-01",Среда,Рабочий день
823,"2020-04-02",Четверг,Рабочий день
824,"2020-04-03",Пятница,Рабочий день
825,"2020-04-04",Суббота,Выходной день
826,"2020-04-05",Воскресенье,Выходной день
827,"2020-04-06",Понедельник,Рабочий день
828,"2020-04-07",Вторник,Рабочий день
829,"2020-04-08",Среда,Рабочий день
830,"2020-04-09",Четверг,Рабочий день
831,"2020-04-10",Пятница,Рабочий день
832,"2020-04-11",Суббота,Выходной день
833,"2020-04-12",Воскресенье,Выходной день
834,"2020-04-13",Понедельник,Рабочий день
835,"2020-04-14",Вторник,Рабочий день
836,"2020-04-15",Среда,Рабочий день
837,"2020-04-16",Четверг,Рабочий день
838,"2020-04-17",Пятница,Рабочий день
839,"2020-04-18",Суббота,Выходной день
840,"2020-04-19",Воскресенье,Выходной день
841,"2020-04-20",Понедельник,Рабочий день
842,"2020-04-21",Вторник,Рабочий день
843,"2020-04-22",Среда,Рабочий день
844,"2020-04-23",Четверг,Рабочий день
845,"2020-04-24",Пятница,Рабочий день
846,"2020-04-25",Суббота,Выходной день
847,"2020-04-26",Воскресенье,Выходной день
848,"2020-04-27",Понедельник,Рабочий день
849,"2020-04-28",Вторник,Рабочий день
850,"2020-04-29",Среда,Рабочий день
851,"2020-04-30",Четверг,Рабочий день
852,"2020-05-01",Пятница,Праздник
853,"2020-05-02",Суббота,Выходной день
854,"2020-05-03",Воскресенье,Выходной день
855,"2020-05-04",Понедельник,Выходной день
856,"2020-05-05",Вторник,Выходной день
857,"2020-05-06",Среда,Рабочий день
858,"2020-05-07",Четверг,Рабочий день
859,"2020-05-08",Пятница,Рабочий день
860,"2020-05-09",Суббота,Праздник
861,"2020-05-10",Воскресенье,Выходной день
862,"2020-05-11",Понедельник,Выходной день
863,"2020-05-12",Вторник,Рабочий день
864,"2020-05-13",Среда,Рабочий день
865,"2020-05-14",Четверг,Рабочий день
866,"2020-05-15",Пятница,Рабочий день
867,"2020-05-16",Суббота,Выходной день
868,"2020-05-17",Воскресенье,Выходной день
869,"2020-05-18",Понедельник,Рабочий день
870,"2020-05-19",Вторник,Рабочий день
871,"2020-05-20",Среда,Рабочий день
872,"2020-05-21",Четверг,Рабочий день
873,"2020-05-22",Пятница,Рабочий день
874,"2020-05-23",Суббота,Выходной день
875,"2020-05-24",Воскресенье,Выходной день
876,"2020-05-25",Понедельник,Рабочий день
877,"2020-05-26",Вторник,Рабочий день
878,"2020-05-27",Среда,Рабочий день
879,"2020-05-28",Четверг,Рабочий день
880,"2020-05-29",Пятница,Рабочий день
881,"2020-05-30",Суббота,Выходной день
882,"2020-05-31",Воскресенье,Выходной день
883,"2020-06-01",Понедельник,Рабочий день
884,"2020-06-02",Вторник,Рабочий день
885,"2020-06-03",Среда,Рабочий день
886,"2020-06-04",Четверг,Рабочий день
887,"2020-06-05",Пятница,Рабочий день
888,"2020-06-06",Суббота,Выходной день
889,"2020-06-07",Воскресенье,Выходной день
890,"2020-06-08",Понедельник,Рабочий день
891,"2020-06-09",Вторник,Рабочий день
892,"2020-06-10",Среда,Рабочий день
893,"2020-06-11",Четверг,Рабочий день
894,"2020-06-12",Пятница,Праздник
895,"2020-06-13",Суббота,Выходной день
896,"2020-06-14",Воскресенье,Выходной день
897,"2020-06-15",Понедельник,Рабочий день
898,"2020-06-16",Вторник,Рабочий день
899,"2020-06-17",Среда,Рабочий день
900,"2020-06-18",Четверг,Рабочий день
901,"2020-06-19",Пятница,Рабочий день
902,"2020-06-20",Суббота,Выходной день
903,"2020-06-21",Воскресенье,Выходной день
904,"2020-06-22",Понедельник,Рабочий день
905,"2020-06-23",Вторник,Рабочий день
906,"2020-06-24",Среда,Выходной день
907,"2020-06-25",Четверг,Рабочий день
908,"2020-06-26",Пятница,Рабочий день
909,"2020-06-27",Суббота,Выходной день
910,"2020-06-28",Воскресенье,Выходной день
911,"2020-06-29",Понедельник,Рабочий день
912,"2020-06-30",Вторник,Рабочий день
913,"2020-07-01",Среда,Выходной день
914,"2020-07-02",Четверг,Рабочий день
915,"2020-07-03",Пятница,Рабочий день
916,"2020-07-04",Суббота,Выходной день
917,"2020-07-05",Воскресенье,Выходной день
918,"2020-07-06",Понедельник,Рабочий день
919,"2020-07-07",Вторник,Рабочий день
920,"2020-07-08",Среда,Рабочий день
921,"2020-07-09",Четверг,Рабочий день
922,"2020-07-10",Пятница,Рабочий день
923,"2020-07-11",Суббота,Выходной день
924,"2020-07-12",Воскресенье,Выходной день
925,"2020-07-13",Понедельник,Рабочий день
926,"2020-07-14",Вторник,Рабочий день
927,"2020-07-15",Среда,Рабочий день
928,"2020-07-16",Четверг,Рабочий день
929,"2020-07-17",Пятница,Рабочий день
930,"2020-07-18",Суббота,Выходной день
931,"2020-07-19",Воскресенье,Выходной день
932,"2020-07-20",Понедельник,Рабочий день
933,"2020-07-21",Вторник,Рабочий день
934,"2020-07-22",Среда,Рабочий день
935,"2020-07-23",Четверг,Рабочий день
936,"2020-07-24",Пятница,Рабочий день
937,"2020-07-25",Суббота,Выходной день
938,"2020-07-26",Воскресенье,Выходной день
939,"2020-07-27",Понедельник,Рабочий день
940,"2020-07-28",Вторник,Рабочий день
941,"2020-07-29",Среда,Рабочий день
942,"2020-07-30",Четверг,Рабочий день
943,"2020-07-31",Пятница,Рабочий день
944,"2020-08-01",Суббота,Выходной день
945,"2020-08-02",Воскресенье,Выходной день
946,"2020-08-03",Понедельник,Рабочий день
947,"2020-08-04",Вторник,Рабочий день
948,"2020-08-05",Среда,Рабочий день
949,"2020-08-06",Четверг,Рабочий день
950,"2020-08-07",Пятница,Рабочий день
951,"2020-08-08",Суббота,Выходной день
952,"2020-08-09",Воскресенье,Выходной день
953,"2020-08-10",Понедельник,Рабочий день
954,"2020-08-11",Вторник,Рабочий день
955,"2020-08-12",Среда,Рабочий день
956,"2020-08-13",Четверг,Рабочий день
957,"2020-08-14",Пятница,Рабочий день
958,"2020-08-15",Суббота,Выходной день
959,"2020-08-16",Воскресенье,Выходной день
960,"2020-08-17",Понедельник,Рабочий день
961,"2020-08-18",Вторник,Рабочий день
962,"2020-08-19",Среда,Рабочий день
963,"2020-08-20",Четверг,Рабочий день
964,"2020-08-21",Пятница,Рабочий день
965,"2020-08-22",Суббота,Выходной день
966,"2020-08-23",Воскресенье,Выходной день
967,"2020-08-24",Понедельник,Рабочий день
968,"2020-08-25",Вторник,Рабочий день
969,"2020-08-26",Среда,Рабочий день
970,"2020-08-27",Четверг,Рабочий день
971,"2020-08-28",Пятница,Рабочий день
972,"2020-08-29",Суббота,Выходной день
973,"2020-08-30",Воскресенье,Выходной день
974,"2020-08-31",Понедельник,Рабочий день
975,"2020-09-01",Вторник,Рабочий день
976,"2020-09-02",Среда,Рабочий день
977,"2020-09-03",Четверг,Рабочий день
978,"2020-09-04",Пятница,Рабочий день
979,"2020-09-05",Суббота,Выходной день
980,"2020-09-06",Воскресенье,Выходной день
981,"2020-09-07",Понедельник,Рабочий день
982,"2020-09-08",Вторник,Рабочий день
983,"2020-09-09",Среда,Рабочий день
984,"2020-09-10",Четверг,Рабочий день
985,"2020-09-11",Пятница,Рабочий день
986,"2020-09-12",Суббота,Выходной день
987,"2020-09-13",Воскресенье,Выходной день
988,"2020-09-14",Понедельник,Рабочий день
989,"2020-09-15",Вторник,Рабочий день
990,"2020-09-16",Среда,Рабочий день
991,"2020-09-17",Четверг,Рабочий день
992,"2020-09-18",Пятница,Рабочий день
993,"2020-09-19",Суббота,Выходной день
994,"2020-09-20",Воскресенье,Выходной день
995,"2020-09-21",Понедельник,Рабочий день
996,"2020-09-22",Вторник,Рабочий день
997,"2020-09-23",Среда,Рабочий день
998,"2020-09-24",Четверг,Рабочий день
999,"2020-09-25",Пятница,Рабочий день
1000,"2020-09-26",Суббота,Выходной день
1001,"2020-09-27",Воскресенье,Выходной день
1002,"2020-09-28",Понедельник,Рабочий день
1003,"2020-09-29",Вторник,Рабочий день
1004,"2020-09-30",Среда,Рабочий день
1005,"2020-10-01",Четверг,Рабочий день
1006,"2020-10-02",Пятница,Рабочий день
1007,"2020-10-03",Суббота,Выходной день
1008,"2020-10-04",Воскресенье,Выходной день
1009,"2020-10-05",Понедельник,Рабочий день
1010,"2020-10-06",Вторник,Рабочий день
1011,"2020-10-07",Среда,Рабочий день
1012,"2020-10-08",Четверг,Рабочий день
1013,"2020-10-09",Пятница,Рабочий день
1014,"2020-10-10",Суббота,Выходной день
1015,"2020-10-11",Воскресенье,Выходной день
1016,"2020-10-12",Понедельник,Рабочий день
1017,"2020-10-13",Вторник,Рабочий день
1018,"2020-10-14",Среда,Рабочий день
1019,"2020-10-15",Четверг,Рабочий день
1020,"2020-10-16",Пятница,Рабочий день
1021,"2020-10-17",Суббота,Выходной день
1022,"2020-10-18",Воскресенье,Выходной день
1023,"2020-10-19",Понедельник,Рабочий день
1024,"2020-10-20",Вторник,Рабочий день
1025,"2020-10-21",Среда,Рабочий день
1026,"2020-10-22",Четверг,Рабочий день
1027,"2020-10-23",Пятница,Рабочий день
1028,"2020-10-24",Суббота,Выходной день
1029,"2020-10-25",Воскресенье,Выходной день
1030,"2020-10-26",Понедельник,Рабочий день
1031,"2020-10-27",Вторник,Рабочий день
1032,"2020-10-28",Среда,Рабочий день
1033,"2020-10-29",Четверг,Рабочий день
1034,"2020-10-30",Пятница,Рабочий день
1035,"2020-10-31",Суббота,Выходной день
1036,"2020-11-01",Воскресенье,Выходной день
1037,"2020-11-02",Понедельник,Рабочий день
1038,"2020-11-03",Вторник,Рабочий день
1039,"2020-11-04",Среда,Праздник
1040,"2020-11-05",Четверг,Рабочий день
1041,"2020-11-06",Пятница,Рабочий день
1042,"2020-11-07",Суббота,Выходной день
1043,"2020-11-08",Воскресенье,Выходной день
1044,"2020-11-09",Понедельник,Рабочий день
1045,"2020-11-10",Вторник,Рабочий день
1046,"2020-11-11",Среда,Рабочий день
1047,"2020-11-12",Четверг,Рабочий день
1048,"2020-11-13",Пятница,Рабочий день
1049,"2020-11-14",Суббота,Выходной день
1050,"2020-11-15",Воскресенье,Выходной день
1051,"2020-11-16",Понедельник,Рабочий день
1052,"2020-11-17",Вторник,Рабочий день
1053,"2020-11-18",Среда,Рабочий день
1054,"2020-11-19",Четверг,Рабочий день
1055,"2020-11-20",Пятница,Рабочий день
1056,"2020-11-21",Суббота,Выходной день
1057,"2020-11-22",Воскресенье,Выходной день
1058,"2020-11-23",Понедельник,Рабочий день
1059,"2020-11-24",Вторник,Рабочий день
1060,"2020-11-25",Среда,Рабочий день
1061,"2020-11-26",Четверг,Рабочий день
1062,"2020-11-27",Пятница,Рабочий день
1063,"2020-11-28",Суббота,Выходной день
1064,"2020-11-29",Воскресенье,Выходной день
1065,"2020-11-30",Понедельник,Рабочий день
1066,"2020-12-01",Вторник,Рабочий день
1067,"2020-12-02",Среда,Рабочий день
1068,"2020-12-03",Четверг,Рабочий день
1069,"2020-12-04",Пятница,Рабочий день
1070,"2020-12-05",Суббота,Выходной день
1071,"2020-12-06",Воскресенье,Выходной день
1072,"2020-12-07",Понедельник,Рабочий день
1073,"2020-12-08",Вторник,Рабочий день
1074,"2020-12-09",Среда,Рабочий день
1075,"2020-12-10",Четверг,Рабочий день
1076,"2020-12-11",Пятница,Рабочий день
1077,"2020-12-12",Суббота,Выходной день
1078,"2020-12-13",Воскресенье,Выходной день
1079,"2020-12-14",Понедельник,Рабочий день
1080,"2020-12-15",Вторник,Рабочий день
1081,"2020-12-16",Среда,Рабочий день
1082,"2020-12-17",Четверг,Рабочий день
1083,"2020-12-18",Пятница,Рабочий день
1084,"2020-12-19",Суббота,Выходной день
1085,"2020-12-20",Воскресенье,Выходной день
1086,"2020-12-21",Понедельник,Рабочий день
1087,"2020-12-22",Вторник,Рабочий день
1088,"2020-12-23",Среда,Рабочий день
1089,"2020-12-24",Четверг,Рабочий день
1090,"2020-12-25",Пятница,Рабочий день
1091,"2020-12-26",Суббота,Выходной день
1092,"2020-12-27",Воскресенье,Выходной день
1093,"2020-12-28",Понедельник,Рабочий день
1094,"2020-12-29",Вторник,Рабочий день
1095,"2020-12-30",Среда,Рабочий день
1096,"2020-12-31",Четверг,Рабочий день
1097,"2021-01-01",Пятница,Праздник
1098,"2021-01-02",Суббота,Выходной день
1099,"2021-01-03",Воскресенье,Выходной день
1100,"2021-01-04",Понедельник,Выходной день
1101,"2021-01-05",Вторник,Выходной день
1102,"2021-01-06",Среда,Выходной день
1103,"2021-01-07",Четверг,Выходной день
1104,"2021-01-08",Пятница,Выходной день
1105,"2021-01-09",Суббота,Выходной день
1106,"2021-01-10",Воскресенье,Выходной день
1107,"2021-01-11",Понедельник,Рабочий день
1108,"2021-01-12",Вторник,Рабочий день
1109,"2021-01-13",Среда,Рабочий день
1110,"2021-01-14",Четверг,Рабочий день
1111,"2021-01-15",Пятница,Рабочий день
1112,"2021-01-16",Суббота,Выходной день
1113,"2021-01-17",Воскресенье,Выходной день
1114,"2021-01-18",Понедельник,Рабочий день
1115,"2021-01-19",Вторник,Рабочий день
1116,"2021-01-20",Среда,Рабочий день
1117,"2021-01-21",Четверг,Рабочий день
1118,"2021-01-22",Пятница,Рабочий день
1119,"2021-01-23",Суббота,Выходной день
1120,"2021-01-24",Воскресенье,Выходной день
1121,"2021-01-25",Понедельник,Рабочий день
1122,"2021-01-26",Вторник,Рабочий день
1123,"2021-01-27",Среда,Рабочий день
1124,"2021-01-28",Четверг,Рабочий день
1125,"2021-01-29",Пятница,Рабочий день
1126,"2021-01-30",Суббота,Выходной день
1127,"2021-01-31",Воскресенье,Выходной день
1128,"2021-02-01",Понедельник,Рабочий день
1129,"2021-02-02",Вторник,Рабочий день
1130,"2021-02-03",Среда,Рабочий день
1131,"2021-02-04",Четверг,Рабочий день
1132,"2021-02-05",Пятница,Рабочий день
1133,"2021-02-06",Суббота,Выходной день
1134,"2021-02-07",Воскресенье,Выходной день
1135,"2021-02-08",Понедельник,Рабочий день
1136,"2021-02-09",Вторник,Рабочий день
1137,"2021-02-10",Среда,Рабочий день
1138,"2021-02-11",Четверг,Рабочий день
1139,"2021-02-12",Пятница,Рабочий день
1140,"2021-02-13",Суббота,Выходной день
1141,"2021-02-14",Воскресенье,Выходной день
1142,"2021-02-15",Понедельник,Рабочий день
1143,"2021-02-16",Вторник,Рабочий день
1144,"2021-02-17",Среда,Рабочий день
1145,"2021-02-18",Четверг,Рабочий день
1146,"2021-02-19",Пятница,Рабочий день
1147,"2021-02-20",Суббота,Рабочий день
1148,"2021-02-21",Воскресенье,Выходной день
1149,"2021-02-22",Понедельник,Выходной день
1150,"2021-02-23",Вторник,Праздник
1151,"2021-02-24",Среда,Рабочий день
1152,"2021-02-25",Четверг,Рабочий день
1153,"2021-02-26",Пятница,Рабочий день
1154,"2021-02-27",Суббота,Выходной день
1155,"2021-02-28",Воскресенье,Выходной день
1156,"2021-03-01",Понедельник,Рабочий день
1157,"2021-03-02",Вторник,Рабочий день
1158,"2021-03-03",Среда,Рабочий день
1159,"2021-03-04",Четверг,Рабочий день
1160,"2021-03-05",Пятница,Рабочий день
1161,"2021-03-06",Суббота,Выходной день
1162,"2021-03-07",Воскресенье,Выходной день
1163,"2021-03-08",Понедельник,Праздник
1164,"2021-03-09",Вторник,Рабочий день
1165,"2021-03-10",Среда,Рабочий день
1166,"2021-03-11",Четверг,Рабочий день
1167,"2021-03-12",Пятница,Рабочий день
1168,"2021-03-13",Суббота,Выходной день
1169,"2021-03-14",Воскресенье,Выходной день
1170,"2021-03-15",Понедельник,Рабочий день
1171,"2021-03-16",Вторник,Рабочий день
1172,"2021-03-17",Среда,Рабочий день
1173,"2021-03-18",Четверг,Рабочий день
1174,"2021-03-19",Пятница,Рабочий день
1175,"2021-03-20",Суббота,Выходной день
1176,"2021-03-21",Воскресенье,Выходной день
1177,"2021-03-22",Понедельник,Рабочий день
1178,"2021-03-23",Вторник,Рабочий день
1179,"2021-03-24",Среда,Рабочий день
1180,"2021-03-25",Четверг,Рабочий день
1181,"2021-03-26",Пятница,Рабочий день
1182,"2021-03-27",Суббота,Выходной день
1183,"2021-03-28",Воскресенье,Выходной день
1184,"2021-03-29",Понедельник,Рабочий день
1185,"2021-03-30",Вторник,Рабочий день
1186,"2021-03-31",Среда,Рабочий день
1187,"2021-04-01",Четверг,Рабочий день
1188,"2021-04-02",Пятница,Рабочий день
1189,"2021-04-03",Суббота,Выходной день
1190,"2021-04-04",Воскресенье,Выходной день
1191,"2021-04-05",Понедельник,Рабочий день
1192,"2021-04-06",Вторник,Рабочий день
1193,"2021-04-07",Среда,Рабочий день
1194,"2021-04-08",Четверг,Рабочий день
1195,"2021-04-09",Пятница,Рабочий день
1196,"2021-04-10",Суббота,Выходной день
1197,"2021-04-11",Воскресенье,Выходной день
1198,"2021-04-12",Понедельник,Рабочий день
1199,"2021-04-13",Вторник,Рабочий день
1200,"2021-04-14",Среда,Рабочий день
1201,"2021-04-15",Четверг,Рабочий день
1202,"2021-04-16",Пятница,Рабочий день
1203,"2021-04-17",Суббота,Выходной день
1204,"2021-04-18",Воскресенье,Выходной день
1205,"2021-04-19",Понедельник,Рабочий день
1206,"2021-04-20",Вторник,Рабочий день
1207,"2021-04-21",Среда,Рабочий день
1208,"2021-04-22",Четверг,Рабочий день
1209,"2021-04-23",Пятница,Рабочий день
1210,"2021-04-24",Суббота,Выходной день
1211,"2021-04-25",Воскресенье,Выходной день
1212,"2021-04-26",Понедельник,Рабочий день
1213,"2021-04-27",Вторник,Рабочий день
1214,"2021-04-28",Среда,Рабочий день
1215,"2021-04-29",Четверг,Рабочий день
1216,"2021-04-30",Пятница,Рабочий день
1217,"2021-05-01",Суббота,Праздник
1218,"2021-05-02",Воскресенье,Выходной день
1219,"2021-05-03",Понедельник,Выходной день
1220,"2021-05-04",Вторник,Рабочий день
1221,"2021-05-05",Среда,Рабочий день
1222,"2021-05-06",Четверг,Рабочий день
1223,"2021-05-07",Пятница,Рабочий день
1224,"2021-05-08",Суббота,Выходной день
1225,"2021-05-09",Воскресенье,Праздник
1226,"2021-05-10",Понедельник,Выходной день
1227,"2021-05-11",Вторник,Рабочий день
1228,"2021-05-12",Среда,Рабочий день
1229,"2021-05-13",Четверг,Рабочий день
1230,"2021-05-14",Пятница,Рабочий день
1231,"2021-05-15",Суббота,Выходной день
1232,"2021-05-16",Воскресенье,Выходной день
1233,"2021-05-17",Понедельник,Рабочий день
1234,"2021-05-18",Вторник,Рабочий день
1235,"2021-05-19",Среда,Рабочий день
1236,"2021-05-20",Четверг,Рабочий день
1237,"2021-05-21",Пятница,Рабочий день
1238,"2021-05-22",Суббота,Выходной день
1239,"2021-05-23",Воскресенье,Выходной день
1240,"2021-05-24",Понедельник,Рабочий день
1241,"2021-05-25",Вторник,Рабочий день
1242,"2021-05-26",Среда,Рабочий день
1243,"2021-05-27",Четверг,Рабочий день
1244,"2021-05-28",Пятница,Рабочий день
1245,"2021-05-29",Суббота,Выходной день
1246,"2021-05-30",Воскресенье,Выходной день
1247,"2021-05-31",Понедельник,Рабочий день
1248,"2021-06-01",Вторник,Рабочий день
1249,"2021-06-02",Среда,Рабочий день
1250,"2021-06-03",Четверг,Рабочий день
1251,"2021-06-04",Пятница,Рабочий день
1252,"2021-06-05",Суббота,Выходной день
1253,"2021-06-06",Воскресенье,Выходной день
1254,"2021-06-07",Понедельник,Рабочий день
1255,"2021-06-08",Вторник,Рабочий день
1256,"2021-06-09",Среда,Рабочий день
1257,"2021-06-10",Четверг,Рабочий день
1258,"2021-06-11",Пятница,Рабочий день
1259,"2021-06-12",Суббота,Праздник
1260,"2021-06-13",Воскресенье,Выходной день
1261,"2021-06-14",Понедельник,Выходной день
1262,"2021-06-15",Вторник,Рабочий день
1263,"2021-06-16",Среда,Рабочий день
1264,"2021-06-17",Четверг,Рабочий день
1265,"2021-06-18",Пятница,Рабочий день
1266,"2021-06-19",Суббота,Выходной день
1267,"2021-06-20",Воскресенье,Выходной день
1268,"2021-06-21",Понедельник,Рабочий день
1269,"2021-06-22",Вторник,Рабочий день
1270,"2021-06-23",Среда,Рабочий день
1271,"2021-06-24",Четверг,Рабочий день
1272,"2021-06-25",Пятница,Рабочий день
1273,"2021-06-26",Суббота,Выходной день
1274,"2021-06-27",Воскресенье,Выходной день
1275,"2021-06-28",Понедельник,Рабочий день
1276,"2021-06-29",Вторник,Рабочий день
1277,"2021-06-30",Среда,Рабочий день
1278,"2021-07-01",Четверг,Рабочий день
1279,"2021-07-02",Пятница,Рабочий день
1280,"2021-07-03",Суббота,Выходной день
1281,"2021-07-04",Воскресенье,Выходной день
1282,"2021-07-05",Понедельник,Рабочий день
1283,"2021-07-06",Вторник,Рабочий день
1284,"2021-07-07",Среда,Рабочий день
1285,"2021-07-08",Четверг,Рабочий день
1286,"2021-07-09",Пятница,Рабочий день
1287,"2021-07-10",Суббота,Выходной день
1288,"2021-07-11",Воскресенье,Выходной день
1289,"2021-07-12",Понедельник,Рабочий день
1290,"2021-07-13",Вторник,Рабочий день
1291,"2021-07-14",Среда,Рабочий день
1292,"2021-07-15",Четверг,Рабочий день
1293,"2021-07-16",Пятница,Рабочий день
1294,"2021-07-17",Суббота,Выходной день
1295,"2021-07-18",Воскресенье,Выходной день
1296,"2021-07-19",Понедельник,Рабочий день
1297,"2021-07-20",Вторник,Рабочий день
1298,"2021-07-21",Среда,Рабочий день
1299,"2021-07-22",Четверг,Рабочий день
1300,"2021-07-23",Пятница,Рабочий день
1301,"2021-07-24",Суббота,Выходной день
1302,"2021-07-25",Воскресенье,Выходной день
1303,"2021-07-26",Понедельник,Рабочий день
1304,"2021-07-27",Вторник,Рабочий день
1305,"2021-07-28",Среда,Рабочий день
1306,"2021-07-29",Четверг,Рабочий день
1307,"2021-07-30",Пятница,Рабочий день
1308,"2021-07-31",Суббота,Выходной день
1309,"2021-08-01",Воскресенье,Выходной день
1310,"2021-08-02",Понедельник,Рабочий день
1311,"2021-08-03",Вторник,Рабочий день
1312,"2021-08-04",Среда,Рабочий день
1313,"2021-08-05",Четверг,Рабочий день
1314,"2021-08-06",Пятница,Рабочий день
1315,"2021-08-07",Суббота,Выходной день
1316,"2021-08-08",Воскресенье,Выходной день
1317,"2021-08-09",Понедельник,Рабочий день
1318,"2021-08-10",Вторник,Рабочий день
1319,"2021-08-11",Среда,Рабочий день
1320,"2021-08-12",Четверг,Рабочий день
1321,"2021-08-13",Пятница,Рабочий день
1322,"2021-08-14",Суббота,Выходной день
1323,"2021-08-15",Воскресенье,Выходной день
1324,"2021-08-16",Понедельник,Рабочий день
1325,"2021-08-17",Вторник,Рабочий день
1326,"2021-08-18",Среда,Рабочий день
1327,"2021-08-19",Четверг,Рабочий день
1328,"2021-08-20",Пятница,Рабочий день
1329,"2021-08-21",Суббота,Выходной день
1330,"2021-08-22",Воскресенье,Выходной день
1331,"2021-08-23",Понедельник,Рабочий день
1332,"2021-08-24",Вторник,Рабочий день
1333,"2021-08-25",Среда,Рабочий день
1334,"2021-08-26",Четверг,Рабочий день
1335,"2021-08-27",Пятница,Рабочий день
1336,"2021-08-28",Суббота,Выходной день
1337,"2021-08-29",Воскресенье,Выходной день
1338,"2021-08-30",Понедельник,Рабочий день
1339,"2021-08-31",Вторник,Рабочий день
1340,"2021-09-01",Среда,Рабочий день
1341,"2021-09-02",Четверг,Рабочий день
1342,"2021-09-03",Пятница,Рабочий день
1343,"2021-09-04",Суббота,Выходной день
1344,"2021-09-05",Воскресенье,Выходной день
1345,"2021-09-06",Понедельник,Рабочий день
1346,"2021-09-07",Вторник,Рабочий день
1347,"2021-09-08",Среда,Рабочий день
1348,"2021-09-09",Четверг,Рабочий день
1349,"2021-09-10",Пятница,Рабочий день
1350,"2021-09-11",Суббота,Выходной день
1351,"2021-09-12",Воскресенье,Выходной день
1352,"2021-09-13",Понедельник,Рабочий день
1353,"2021-09-14",Вторник,Рабочий день
1354,"2021-09-15",Среда,Рабочий день
1355,"2021-09-16",Четверг,Рабочий день
1356,"2021-09-17",Пятница,Рабочий день
1357,"2021-09-18",Суббота,Выходной день
1358,"2021-09-19",Воскресенье,Выходной день
1359,"2021-09-20",Понедельник,Рабочий день
1360,"2021-09-21",Вторник,Рабочий день
1361,"2021-09-22",Среда,Рабочий день
1362,"2021-09-23",Четверг,Рабочий день
1363,"2021-09-24",Пятница,Рабочий день
1364,"2021-09-25",Суббота,Выходной день
1365,"2021-09-26",Воскресенье,Выходной день
1366,"2021-09-27",Понедельник,Рабочий день
1367,"2021-09-28",Вторник,Рабочий день
1368,"2021-09-29",Среда,Рабочий день
1369,"2021-09-30",Четверг,Рабочий день
1370,"2021-10-01",Пятница,Рабочий день
1371,"2021-10-02",Суббота,Выходной день
1372,"2021-10-03",Воскресенье,Выходной день
1373,"2021-10-04",Понедельник,Рабочий день
1374,"2021-10-05",Вторник,Рабочий день
1375,"2021-10-06",Среда,Рабочий день
1376,"2021-10-07",Четверг,Рабочий день
1377,"2021-10-08",Пятница,Рабочий день
1378,"2021-10-09",Суббота,Выходной день
1379,"2021-10-10",Воскресенье,Выходной день
1380,"2021-10-11",Понедельник,Рабочий день
1381,"2021-10-12",Вторник,Рабочий день
1382,"2021-10-13",Среда,Рабочий день
1383,"2021-10-14",Четверг,Рабочий день
1384,"2021-10-15",Пятница,Рабочий день
1385,"2021-10-16",Суббота,Выходной день
1386,"2021-10-17",Воскресенье,Выходной день
1387,"2021-10-18",Понедельник,Рабочий день
1388,"2021-10-19",Вторник,Рабочий день
1389,"2021-10-20",Среда,Рабочий день
1390,"2021-10-21",Четверг,Рабочий день
1391,"2021-10-22",Пятница,Рабочий день
1392,"2021-10-23",Суббота,Выходной день
1393,"2021-10-24",Воскресенье,Выходной день
1394,"2021-10-25",Понедельник,Рабочий день
1395,"2021-10-26",Вторник,Рабочий день
1396,"2021-10-27",Среда,Рабочий день
1397,"2021-10-28",Четверг,Рабочий день
1398,"2021-10-29",Пятница,Рабочий день
1399,"2021-10-30",Суббота,Выходной день
1400,"2021-10-31",Воскресенье,Выходной день
1401,"2021-11-01",Понедельник,Рабочий день
1402,"2021-11-02",Вторник,Рабочий день
1403,"2021-11-03",Среда,Рабочий день
1404,"2021-11-04",Четверг,Праздник
1405,"2021-11-05",Пятница,Выходной день
1406,"2021-11-06",Суббота,Выходной день
1407,"2021-11-07",Воскресенье,Выходной день
1408,"2021-11-08",Понедельник,Рабочий день
1409,"2021-11-09",Вторник,Рабочий день
1410,"2021-11-10",Среда,Рабочий день
1411,"2021-11-11",Четверг,Рабочий день
1412,"2021-11-12",Пятница,Рабочий день
1413,"2021-11-13",Суббота,Выходной день
1414,"2021-11-14",Воскресенье,Выходной день
1415,"2021-11-15",Понедельник,Рабочий день
1416,"2021-11-16",Вторник,Рабочий день
1417,"2021-11-17",Среда,Рабочий день
1418,"2021-11-18",Четверг,Рабочий день
1419,"2021-11-19",Пятница,Рабочий день
1420,"2021-11-20",Суббота,Выходной день
1421,"2021-11-21",Воскресенье,Выходной день
1422,"2021-11-22",Понедельник,Рабочий день
1423,"2021-11-23",Вторник,Рабочий день
1424,"2021-11-24",Среда,Рабочий день
1425,"2021-11-25",Четверг,Рабочий день
1426,"2021-11-26",Пятница,Рабочий день
1427,"2021-11-27",Суббота,Выходной день
1428,"2021-11-28",Воскресенье,Выходной день
1429,"2021-11-29",Понедельник,Рабочий день
1430,"2021-11-30",Вторник,Рабочий день
1431,"2021-12-01",Среда,Рабочий день
1432,"2021-12-02",Четверг,Рабочий день
1433,"2021-12-03",Пятница,Рабочий день
1434,"2021-12-04",Суббота,Выходной день
1435,"2021-12-05",Воскресенье,Выходной день
1436,"2021-12-06",Понедельник,Рабочий день
1437,"2021-12-07",Вторник,Рабочий день
1438,"2021-12-08",Среда,Рабочий день
1439,"2021-12-09",Четверг,Рабочий день
1440,"2021-12-10",Пятница,Рабочий день
1441,"2021-12-11",Суббота,Выходной день
1442,"2021-12-12",Воскресенье,Выходной день
1443,"2021-12-13",Понедельник,Рабочий день
1444,"2021-12-14",Вторник,Рабочий день
1445,"2021-12-15",Среда,Рабочий день
1446,"2021-12-16",Четверг,Рабочий день
1447,"2021-12-17",Пятница,Рабочий день
1448,"2021-12-18",Суббота,Выходной день
1449,"2021-12-19",Воскресенье,Выходной день
1450,"2021-12-20",Понедельник,Рабочий день
1451,"2021-12-21",Вторник,Рабочий день
1452,"2021-12-22",Среда,Рабочий день
1453,"2021-12-23",Четверг,Рабочий день
1454,"2021-12-24",Пятница,Рабочий день
1455,"2021-12-25",Суббота,Выходной день
1456,"2021-12-26",Воскресенье,Выходной день
1457,"2021-12-27",Понедельник,Рабочий день
1458,"2021-12-28",Вторник,Рабочий день
1459,"2021-12-29",Среда,Рабочий день
1460,"2021-12-30",Четверг,Рабочий день
1461,"2021-12-31",Пятница,Выходной день
1462,"2022-01-01",Суббота,Праздник
1463,"2022-01-02",Воскресенье,Выходной день
1464,"2022-01-03",Понедельник,Выходной день
1465,"2022-01-04",Вторник,Выходной день
1466,"2022-01-05",Среда,Выходной день
1467,"2022-01-06",Четверг,Выходной день
1468,"2022-01-07",Пятница,Выходной день
1469,"2022-01-08",Суббота,Выходной день
1470,"2022-01-09",Воскресенье,Выходной день
1471,"2022-01-10",Понедельник,Рабочий день
1472,"2022-01-11",Вторник,Рабочий день
1473,"2022-01-12",Среда,Рабочий день
1474,"2022-01-13",Четверг,Рабочий день
1475,"2022-01-14",Пятница,Рабочий день
1476,"2022-01-15",Суббота,Выходной день
1477,"2022-01-16",Воскресенье,Выходной день
1478,"2022-01-17",Понедельник,Рабочий день
1479,"2022-01-18",Вторник,Рабочий день
1480,"2022-01-19",Среда,Рабочий день
1481,"2022-01-20",Четверг,Рабочий день
1482,"2022-01-21",Пятница,Рабочий день
1483,"2022-01-22",Суббота,Выходной день
1484,"2022-01-23",Воскресенье,Выходной день
1485,"2022-01-24",Понедельник,Рабочий день
1486,"2022-01-25",Вторник,Рабочий день
1487,"2022-01-26",Среда,Рабочий день
1488,"2022-01-27",Четверг,Рабочий день
1489,"2022-01-28",Пятница,Рабочий день
1490,"2022-01-29",Суббота,Выходной день
1491,"2022-01-30",Воскресенье,Выходной день
1492,"2022-01-31",Понедельник,Рабочий день
1493,"2022-02-01",Вторник,Рабочий день
1494,"2022-02-02",Среда,Рабочий день
1495,"2022-02-03",Четверг,Рабочий день
1496,"2022-02-04",Пятница,Рабочий день
1497,"2022-02-05",Суббота,Выходной день
1498,"2022-02-06",Воскресенье,Выходной день
1499,"2022-02-07",Понедельник,Рабочий день
1500,"2022-02-08",Вторник,Рабочий день
1501,"2022-02-09",Среда,Рабочий день
1502,"2022-02-10",Четверг,Рабочий день
1503,"2022-02-11",Пятница,Рабочий день
1504,"2022-02-12",Суббота,Выходной день
1505,"2022-02-13",Воскресенье,Выходной день
1506,"2022-02-14",Понедельник,Рабочий день
1507,"2022-02-15",Вторник,Рабочий день
1508,"2022-02-16",Среда,Рабочий день
1509,"2022-02-17",Четверг,Рабочий день
1510,"2022-02-18",Пятница,Рабочий день
1511,"2022-02-19",Суббота,Выходной день
1512,"2022-02-20",Воскресенье,Выходной день
1513,"2022-02-21",Понедельник,Рабочий день
1514,"2022-02-22",Вторник,Рабочий день
1515,"2022-02-23",Среда,Праздник
1516,"2022-02-24",Четверг,Рабочий день
1517,"2022-02-25",Пятница,Рабочий день
1518,"2022-02-26",Суббота,Выходной день
1519,"2022-02-27",Воскресенье,Выходной день
1520,"2022-02-28",Понедельник,Рабочий день
1521,"2022-03-01",Вторник,Рабочий день
1522,"2022-03-02",Среда,Рабочий день
1523,"2022-03-03",Четверг,Рабочий день
1524,"2022-03-04",Пятница,Рабочий день
1525,"2022-03-05",Суббота,Рабочий день
1526,"2022-03-06",Воскресенье,Выходной день
1527,"2022-03-07",Понедельник,Выходной день
1528,"2022-03-08",Вторник,Праздник
1529,"2022-03-09",Среда,Рабочий день
1530,"2022-03-10",Четверг,Рабочий день
1531,"2022-03-11",Пятница,Рабочий день
1532,"2022-03-12",Суббота,Выходной день
1533,"2022-03-13",Воскресенье,Выходной день
1534,"2022-03-14",Понедельник,Рабочий день
1535,"2022-03-15",Вторник,Рабочий день
1536,"2022-03-16",Среда,Рабочий день
1537,"2022-03-17",Четверг,Рабочий день
1538,"2022-03-18",Пятница,Рабочий день
1539,"2022-03-19",Суббота,Выходной день
1540,"2022-03-20",Воскресенье,Выходной день
1541,"2022-03-21",Понедельник,Рабочий день
1542,"2022-03-22",Вторник,Рабочий день
1543,"2022-03-23",Среда,Рабочий день
1544,"2022-03-24",Четверг,Рабочий день
1545,"2022-03-25",Пятница,Рабочий день
1546,"2022-03-26",Суббота,Выходной день
1547,"2022-03-27",Воскресенье,Выходной день
1548,"2022-03-28",Понедельник,Рабочий день
1549,"2022-03-29",Вторник,Рабочий день
1550,"2022-03-30",Среда,Рабочий день
1551,"2022-03-31",Четверг,Рабочий день
1552,"2022-04-01",Пятница,Рабочий день
1553,"2022-04-02",Суббота,Выходной день
1554,"2022-04-03",Воскресенье,Выходной день
1555,"2022-04-04",Понедельник,Рабочий день
1556,"2022-04-05",Вторник,Рабочий день
1557,"2022-04-06",Среда,Рабочий день
1558,"2022-04-07",Четверг,Рабочий день
1559,"2022-04-08",Пятница,Рабочий день
1560,"2022-04-09",Суббота,Выходной день
1561,"2022-04-10",Воскресенье,Выходной день
1562,"2022-04-11",Понедельник,Рабочий день
1563,"2022-04-12",Вторник,Рабочий день
1564,"2022-04-13",Среда,Рабочий день
1565,"2022-04-14",Четверг,Рабочий день
1566,"2022-04-15",Пятница,Рабочий день
1567,"2022-04-16",Суббота,Выходной день
1568,"2022-04-17",Воскресенье,Выходной день
1569,"2022-04-18",Понедельник,Рабочий день
1570,"2022-04-19",Вторник,Рабочий день
1571,"2022-04-20",Среда,Рабочий день
1572,"2022-04-21",Четверг,Рабочий день
1573,"2022-04-22",Пятница,Рабочий день
1574,"2022-04-23",Суббота,Выходной день
1575,"2022-04-24",Воскресенье,Выходной день
1576,"2022-04-25",Понедельник,Рабочий день
1577,"2022-04-26",Вторник,Рабочий день
1578,"2022-04-27",Среда,Рабочий день
1579,"2022-04-28",Четверг,Рабочий день
1580,"2022-04-29",Пятница,Рабочий день
1581,"2022-04-30",Суббота,Выходной день
1582,"2022-05-01",Воскресенье,Праздник
1583,"2022-05-02",Понедельник,Выходной день
1584,"2022-05-03",Вторник,Выходной день
1585,"2022-05-04",Среда,Рабочий день
1586,"2022-05-05",Четверг,Рабочий день
1587,"2022-05-06",Пятница,Рабочий день
1588,"2022-05-07",Суббота,Выходной день
1589,"2022-05-08",Воскресенье,Выходной день
1590,"2022-05-09",Понедельник,Праздник
1591,"2022-05-10",Вторник,Выходной день
1592,"2022-05-11",Среда,Рабочий день
1593,"2022-05-12",Четверг,Рабочий день
1594,"2022-05-13",Пятница,Рабочий день
1595,"2022-05-14",Суббота,Выходной день
1596,"2022-05-15",Воскресенье,Выходной день
1597,"2022-05-16",Понедельник,Рабочий день
1598,"2022-05-17",Вторник,Рабочий день
1599,"2022-05-18",Среда,Рабочий день
1600,"2022-05-19",Четверг,Рабочий день
1601,"2022-05-20",Пятница,Рабочий день
1602,"2022-05-21",Суббота,Выходной день
1603,"2022-05-22",Воскресенье,Выходной день
1604,"2022-05-23",Понедельник,Рабочий день
1605,"2022-05-24",Вторник,Рабочий день
1606,"2022-05-25",Среда,Рабочий день
1607,"2022-05-26",Четверг,Рабочий день
1608,"2022-05-27",Пятница,Рабочий день
1609,"2022-05-28",Суббота,Выходной день
1610,"2022-05-29",Воскресенье,Выходной день
1611,"2022-05-30",Понедельник,Рабочий день
1612,"2022-05-31",Вторник,Рабочий день
1613,"2022-06-01",Среда,Рабочий день
1614,"2022-06-02",Четверг,Рабочий день
1615,"2022-06-03",Пятница,Рабочий день
1616,"2022-06-04",Суббота,Выходной день
1617,"2022-06-05",Воскресенье,Выходной день
1618,"2022-06-06",Понедельник,Рабочий день
1619,"2022-06-07",Вторник,Рабочий день
1620,"2022-06-08",Среда,Рабочий день
1621,"2022-06-09",Четверг,Рабочий день
1622,"2022-06-10",Пятница,Рабочий день
1623,"2022-06-11",Суббота,Выходной день
1624,"2022-06-12",Воскресенье,Праздник
1625,"2022-06-13",Понедельник,Выходной день
1626,"2022-06-14",Вторник,Рабочий день
1627,"2022-06-15",Среда,Рабочий день
1628,"2022-06-16",Четверг,Рабочий день
1629,"2022-06-17",Пятница,Рабочий день
1630,"2022-06-18",Суббота,Выходной день
1631,"2022-06-19",Воскресенье,Выходной день
1632,"2022-06-20",Понедельник,Рабочий день
1633,"2022-06-21",Вторник,Рабочий день
1634,"2022-06-22",Среда,Рабочий день
1635,"2022-06-23",Четверг,Рабочий день
1636,"2022-06-24",Пятница,Рабочий день
1637,"2022-06-25",Суббота,Выходной день
1638,"2022-06-26",Воскресенье,Выходной день
1639,"2022-06-27",Понедельник,Рабочий день
1640,"2022-06-28",Вторник,Рабочий день
1641,"2022-06-29",Среда,Рабочий день
1642,"2022-06-30",Четверг,Рабочий день
1643,"2022-07-01",Пятница,Рабочий день
1644,"2022-07-02",Суббота,Выходной день
1645,"2022-07-03",Воскресенье,Выходной день
1646,"2022-07-04",Понедельник,Рабочий день
1647,"2022-07-05",Вторник,Рабочий день
1648,"2022-07-06",Среда,Рабочий день
1649,"2022-07-07",Четверг,Рабочий день
1650,"2022-07-08",Пятница,Рабочий день
1651,"2022-07-09",Суббота,Выходной день
1652,"2022-07-10",Воскресенье,Выходной день
1653,"2022-07-11",Понедельник,Рабочий день
1654,"2022-07-12",Вторник,Рабочий день
1655,"2022-07-13",Среда,Рабочий день
1656,"2022-07-14",Четверг,Рабочий день
1657,"2022-07-15",Пятница,Рабочий день
1658,"2022-07-16",Суббота,Выходной день
1659,"2022-07-17",Воскресенье,Выходной день
1660,"2022-07-18",Понедельник,Рабочий день
1661,"2022-07-19",Вторник,Рабочий день
1662,"2022-07-20",Среда,Рабочий день
1663,"2022-07-21",Четверг,Рабочий день
1664,"2022-07-22",Пятница,Рабочий день
1665,"2022-07-23",Суббота,Выходной день
1666,"2022-07-24",Воскресенье,Выходной день
1667,"2022-07-25",Понедельник,Рабочий день
1668,"2022-07-26",Вторник,Рабочий день
1669,"2022-07-27",Среда,Рабочий день
1670,"2022-07-28",Четверг,Рабочий день
1671,"2022-07-29",Пятница,Рабочий день
1672,"2022-07-30",Суббота,Выходной день
1673,"2022-07-31",Воскресенье,Выходной день
1674,"2022-08-01",Понедельник,Рабочий день
1675,"2022-08-02",Вторник,Рабочий день
1676,"2022-08-03",Среда,Рабочий день
1677,"2022-08-04",Четверг,Рабочий день
1678,"2022-08-05",Пятница,Рабочий день
1679,"2022-08-06",Суббота,Выходной день
1680,"2022-08-07",Воскресенье,Выходной день
1681,"2022-08-08",Понедельник,Рабочий день
1682,"2022-08-09",Вторник,Рабочий день
1683,"2022-08-10",Среда,Рабочий день
1684,"2022-08-11",Четверг,Рабочий день
1685,"2022-08-12",Пятница,Рабочий день
1686,"2022-08-13",Суббота,Выходной день
1687,"2022-08-14",Воскресенье,Выходной день
1688,"2022-08-15",Понедельник,Рабочий день
1689,"2022-08-16",Вторник,Рабочий день
1690,"2022-08-17",Среда,Рабочий день
1691,"2022-08-18",Четверг,Рабочий день
1692,"2022-08-19",Пятница,Рабочий день
1693,"2022-08-20",Суббота,Выходной день
1694,"2022-08-21",Воскресенье,Выходной день
1695,"2022-08-22",Понедельник,Рабочий день
1696,"2022-08-23",Вторник,Рабочий день
1697,"2022-08-24",Среда,Рабочий день
1698,"2022-08-25",Четверг,Рабочий день
1699,"2022-08-26",Пятница,Рабочий день
1700,"2022-08-27",Суббота,Выходной день
1701,"2022-08-28",Воскресенье,Выходной день
1702,"2022-08-29",Понедельник,Рабочий день
1703,"2022-08-30",Вторник,Рабочий день
1704,"2022-08-31",Среда,Рабочий день
1705,"2022-09-01",Четверг,Рабочий день
1706,"2022-09-02",Пятница,Рабочий день
1707,"2022-09-03",Суббота,Выходной день
1708,"2022-09-04",Воскресенье,Выходной день
1709,"2022-09-05",Понедельник,Рабочий день
1710,"2022-09-06",Вторник,Рабочий день
1711,"2022-09-07",Среда,Рабочий день
1712,"2022-09-08",Четверг,Рабочий день
1713,"2022-09-09",Пятница,Рабочий день
1714,"2022-09-10",Суббота,Выходной день
1715,"2022-09-11",Воскресенье,Выходной день
1716,"2022-09-12",Понедельник,Рабочий день
1717,"2022-09-13",Вторник,Рабочий день
1718,"2022-09-14",Среда,Рабочий день
1719,"2022-09-15",Четверг,Рабочий день
1720,"2022-09-16",Пятница,Рабочий день
1721,"2022-09-17",Суббота,Выходной день
1722,"2022-09-18",Воскресенье,Выходной день
1723,"2022-09-19",Понедельник,Рабочий день
1724,"2022-09-20",Вторник,Рабочий день
1725,"2022-09-21",Среда,Рабочий день
1726,"2022-09-22",Четверг,Рабочий день
1727,"2022-09-23",Пятница,Рабочий день
1728,"2022-09-24",Суббота,Выходной день
1729,"2022-09-25",Воскресенье,Выходной день
1730,"2022-09-26",Понедельник,Рабочий день
1731,"2022-09-27",Вторник,Рабочий день
1732,"2022-09-28",Среда,Рабочий день
1733,"2022-09-29",Четверг,Рабочий день
1734,"2022-09-30",Пятница,Рабочий день
1735,"2022-10-01",Суббота,Выходной день
1736,"2022-10-02",Воскресенье,Выходной день
1737,"2022-10-03",Понедельник,Рабочий день
1738,"2022-10-04",Вторник,Рабочий день
1739,"2022-10-05",Среда,Рабочий день
1740,"2022-10-06",Четверг,Рабочий день
1741,"2022-10-07",Пятница,Рабочий день
1742,"2022-10-08",Суббота,Выходной день
1743,"2022-10-09",Воскресенье,Выходной день
1744,"2022-10-10",Понедельник,Рабочий день
1745,"2022-10-11",Вторник,Рабочий день
1746,"2022-10-12",Среда,Рабочий день
1747,"2022-10-13",Четверг,Рабочий день
1748,"2022-10-14",Пятница,Рабочий день
1749,"2022-10-15",Суббота,Выходной день
1750,"2022-10-16",Воскресенье,Выходной день
1751,"2022-10-17",Понедельник,Рабочий день
1752,"2022-10-18",Вторник,Рабочий день
1753,"2022-10-19",Среда,Рабочий день
1754,"2022-10-20",Четверг,Рабочий день
1755,"2022-10-21",Пятница,Рабочий день
1756,"2022-10-22",Суббота,Выходной день
1757,"2022-10-23",Воскресенье,Выходной день
1758,"2022-10-24",Понедельник,Рабочий день
1759,"2022-10-25",Вторник,Рабочий день
1760,"2022-10-26",Среда,Рабочий день
1761,"2022-10-27",Четверг,Рабочий день
1762,"2022-10-28",Пятница,Рабочий день
1763,"2022-10-29",Суббота,Выходной день
1764,"2022-10-30",Воскресенье,Выходной день
1765,"2022-10-31",Понедельник,Рабочий день
1766,"2022-11-01",Вторник,Рабочий день
1767,"2022-11-02",Среда,Рабочий день
1768,"2022-11-03",Четверг,Рабочий день
1769,"2022-11-04",Пятница,Праздник
1770,"2022-11-05",Суббота,Выходной день
1771,"2022-11-06",Воскресенье,Выходной день
1772,"2022-11-07",Понедельник,Рабочий день
1773,"2022-11-08",Вторник,Рабочий день
1774,"2022-11-09",Среда,Рабочий день
1775,"2022-11-10",Четверг,Рабочий день
1776,"2022-11-11",Пятница,Рабочий день
1777,"2022-11-12",Суббота,Выходной день
1778,"2022-11-13",Воскресенье,Выходной день
1779,"2022-11-14",Понедельник,Рабочий день
1780,"2022-11-15",Вторник,Рабочий день
1781,"2022-11-16",Среда,Рабочий день
1782,"2022-11-17",Четверг,Рабочий день
1783,"2022-11-18",Пятница,Рабочий день
1784,"2022-11-19",Суббота,Выходной день
1785,"2022-11-20",Воскресенье,Выходной день
1786,"2022-11-21",Понедельник,Рабочий день
1787,"2022-11-22",Вторник,Рабочий день
1788,"2022-11-23",Среда,Рабочий день
1789,"2022-11-24",Четверг,Рабочий день
1790,"2022-11-25",Пятница,Рабочий день
1791,"2022-11-26",Суббота,Выходной день
1792,"2022-11-27",Воскресенье,Выходной день
1793,"2022-11-28",Понедельник,Рабочий день
1794,"2022-11-29",Вторник,Рабочий день
1795,"2022-11-30",Среда,Рабочий день
1796,"2022-12-01",Четверг,Рабочий день
1797,"2022-12-02",Пятница,Рабочий день
1798,"2022-12-03",Суббота,Выходной день
1799,"2022-12-04",Воскресенье,Выходной день
1800,"2022-12-05",Понедельник,Рабочий день
1801,"2022-12-06",Вторник,Рабочий день
1802,"2022-12-07",Среда,Рабочий день
1803,"2022-12-08",Четверг,Рабочий день
1804,"2022-12-09",Пятница,Рабочий день
1805,"2022-12-10",Суббота,Выходной день
1806,"2022-12-11",Воскресенье,Выходной день
1807,"2022-12-12",Понедельник,Рабочий день
1808,"2022-12-13",Вторник,Рабочий день
1809,"2022-12-14",Среда,Рабочий день
1810,"2022-12-15",Четверг,Рабочий день
1811,"2022-12-16",Пятница,Рабочий день
1812,"2022-12-17",Суббота,Выходной день
1813,"2022-12-18",Воскресенье,Выходной день
1814,"2022-12-19",Понедельник,Рабочий день
1815,"2022-12-20",Вторник,Рабочий день
1816,"2022-12-21",Среда,Рабочий день
1817,"2022-12-22",Четверг,Рабочий день
1818,"2022-12-23",Пятница,Рабочий день
1819,"2022-12-24",Суббота,Выходной день
1820,"2022-12-25",Воскресенье,Выходной день
1821,"2022-12-26",Понедельник,Рабочий день
1822,"2022-12-27",Вторник,Рабочий день
1823,"2022-12-28",Среда,Рабочий день
1824,"2022-12-29",Четверг,Рабочий день
1825,"2022-12-30",Пятница,Рабочий день
1826,"2022-12-31",Суббота,Выходной день
1827,"2023-01-01",Воскресенье,Праздник
1828,"2023-01-02",Понедельник,Праздник
1829,"2023-01-03",Вторник,Праздник
1830,"2023-01-04",Среда,Праздник
1831,"2023-01-05",Четверг,Праздник
1832,"2023-01-06",Пятница,Праздник
1833,"2023-01-07",Суббота,Праздник
1834,"2023-01-08",Воскресенье,Праздник
1835,"2023-01-09",Понедельник,Рабочий день
1836,"2023-01-10",Вторник,Рабочий день
1837,"2023-01-11",Среда,Рабочий день
1838,"2023-01-12",Четверг,Рабочий день
1839,"2023-01-13",Пятница,Рабочий день
1840,"2023-01-14",Суббота,Выходной день
1841,"2023-01-15",Воскресенье,Выходной день
1842,"2023-01-16",Понедельник,Рабочий день
1843,"2023-01-17",Вторник,Рабочий день
1844,"2023-01-18",Среда,Рабочий день
1845,"2023-01-19",Четверг,Рабочий день
1846,"2023-01-20",Пятница,Рабочий день
1847,"2023-01-21",Суббота,Выходной день
1848,"2023-01-22",Воскресенье,Выходной день
1849,"2023-01-23",Понедельник,Рабочий день
1850,"2023-01-24",Вторник,Рабочий день
1851,"2023-01-25",Среда,Рабочий день
1852,"2023-01-26",Четверг,Рабочий день
1853,"2023-01-27",Пятница,Рабочий день
1854,"2023-01-28",Суббота,Выходной день
1855,"2023-01-29",Воскресенье,Выходной день
1856,"2023-01-30",Понедельник,Рабочий день
1857,"2023-01-31",Вторник,Рабочий день
1858,"2023-02-01",Среда,Рабочий день
1859,"2023-02-02",Четверг,Рабочий день
1860,"2023-02-03",Пятница,Рабочий день
1861,"2023-02-04",Суббота,Выходной день
1862,"2023-02-05",Воскресенье,Выходной день
1863,"2023-02-06",Понедельник,Рабочий день
1864,"2023-02-07",Вторник,Рабочий день
1865,"2023-02-08",Среда,Рабочий день
1866,"2023-02-09",Четверг,Рабочий день
1867,"2023-02-10",Пятница,Рабочий день
1868,"2023-02-11",Суббота,Выходной день
1869,"2023-02-12",Воскресенье,Выходной день
1870,"2023-02-13",Понедельник,Рабочий день
1871,"2023-02-14",Вторник,Рабочий день
1872,"2023-02-15",Среда,Рабочий день
1873,"2023-02-16",Четверг,Рабочий день
1874,"2023-02-17",Пятница,Рабочий день
1875,"2023-02-18",Суббота,Выходной день
1876,"2023-02-19",Воскресенье,Выходной день
1877,"2023-02-20",Понедельник,Рабочий день
1878,"2023-02-21",Вторник,Рабочий день
1879,"2023-02-22",Среда,Рабочий день
1880,"2023-02-23",Четверг,Праздник
1881,"2023-02-24",Пятница,Выходной день
1882,"2023-02-25",Суббота,Выходной день
1883,"2023-02-26",Воскресенье,Выходной день
1884,"2023-02-27",Понедельник,Рабочий день
1885,"2023-02-28",Вторник,Рабочий день
1886,"2023-03-01",Среда,Рабочий день
1887,"2023-03-02",Четверг,Рабочий день
1888,"2023-03-03",Пятница,Рабочий день
1889,"2023-03-04",Суббота,Выходной день
1890,"2023-03-05",Воскресенье,Выходной день
1891,"2023-03-06",Понедельник,Рабочий день
1892,"2023-03-07",Вторник,Рабочий день
1893,"2023-03-08",Среда,Праздник
1894,"2023-03-09",Четверг,Рабочий день
1895,"2023-03-10",Пятница,Рабочий день
1896,"2023-03-11",Суббота,Выходной день
1897,"2023-03-12",Воскресенье,Выходной день
1898,"2023-03-13",Понедельник,Рабочий день
1899,"2023-03-14",Вторник,Рабочий день
1900,"2023-03-15",Среда,Рабочий день
1901,"2023-03-16",Четверг,Рабочий день
1902,"2023-03-17",Пятница,Рабочий день
1903,"2023-03-18",Суббота,Выходной день
1904,"2023-03-19",Воскресенье,Выходной день
1905,"2023-03-20",Понедельник,Рабочий день
1906,"2023-03-21",Вторник,Рабочий день
1907,"2023-03-22",Среда,Рабочий день
1908,"2023-03-23",Четверг,Рабочий день
1909,"2023-03-24",Пятница,Рабочий день
1910,"2023-03-25",Суббота,Выходной день
1911,"2023-03-26",Воскресенье,Выходной день
1912,"2023-03-27",Понедельник,Рабочий день
1913,"2023-03-28",Вторник,Рабочий день
1914,"2023-03-29",Среда,Рабочий день
1915,"2023-03-30",Четверг,Рабочий день
1916,"2023-03-31",Пятница,Рабочий день
1917,"2023-04-01",Суббота,Выходной день
1918,"2023-04-02",Воскресенье,Выходной день
1919,"2023-04-03",Понедельник,Рабочий день
1920,"2023-04-04",Вторник,Рабочий день
1921,"2023-04-05",Среда,Рабочий день
1922,"2023-04-06",Четверг,Рабочий день
1923,"2023-04-07",Пятница,Рабочий день
1924,"2023-04-08",Суббота,Выходной день
1925,"2023-04-09",Воскресенье,Выходной день
1926,"2023-04-10",Понедельник,Рабочий день
1927,"2023-04-11",Вторник,Рабочий день
1928,"2023-04-12",Среда,Рабочий день
1929,"2023-04-13",Четверг,Рабочий день
1930,"2023-04-14",Пятница,Рабочий день
1931,"2023-04-15",Суббота,Выходной день
1932,"2023-04-16",Воскресенье,Выходной день
1933,"2023-04-17",Понедельник,Рабочий день
1934,"2023-04-18",Вторник,Рабочий день
1935,"2023-04-19",Среда,Рабочий день
1936,"2023-04-20",Четверг,Рабочий день
1937,"2023-04-21",Пятница,Рабочий день
1938,"2023-04-22",Суббота,Выходной день
1939,"2023-04-23",Воскресенье,Выходной день
1940,"2023-04-24",Понедельник,Рабочий день
1941,"2023-04-25",Вторник,Рабочий день
1942,"2023-04-26",Среда,Рабочий день
1943,"2023-04-27",Четверг,Рабочий день
1944,"2023-04-28",Пятница,Рабочий день
1945,"2023-04-29",Суббота,Выходной день
1946,"2023-04-30",Воскресенье,Выходной день
1947,"2023-05-01",Понедельник,Праздник
1948,"2023-05-02",Вторник,Рабочий день
1949,"2023-05-03",Среда,Рабочий день
1950,"2023-05-04",Четверг,Рабочий день
1951,"2023-05-05",Пятница,Рабочий день
1952,"2023-05-06",Суббота,Выходной день
1953,"2023-05-07",Воскресенье,Выходной день
1954,"2023-05-08",Понедельник,Праздник
1955,"2023-05-09",Вторник,Праздник
1956,"2023-05-10",Среда,Рабочий день
1957,"2023-05-11",Четверг,Рабочий день
1958,"2023-05-12",Пятница,Праздник
1959,"2023-05-13",Суббота,Выходной день
1960,"2023-05-14",Воскресенье,Выходной день
1961,"2023-05-15",Понедельник,Рабочий день
1962,"2023-05-16",Вторник,Рабочий день
1963,"2023-05-17",Среда,Рабочий день
1964,"2023-05-18",Четверг,Рабочий день
1965,"2023-05-19",Пятница,Рабочий день
1966,"2023-05-20",Суббота,Выходной день
1967,"2023-05-21",Воскресенье,Выходной день
1968,"2023-05-22",Понедельник,Рабочий день
1969,"2023-05-23",Вторник,Рабочий день
1970,"2023-05-24",Среда,Рабочий день
1971,"2023-05-25",Четверг,Рабочий день
1972,"2023-05-26",Пятница,Рабочий день
1973,"2023-05-27",Суббота,Выходной день
1974,"2023-05-28",Воскресенье,Выходной день
1975,"2023-05-29",Понедельник,Рабочий день
1976,"2023-05-30",Вторник,Рабочий день
1977,"2023-05-31",Среда,Рабочий день
1978,"2023-06-01",Четверг,Рабочий день
1979,"2023-06-02",Пятница,Рабочий день
1980,"2023-06-03",Суббота,Выходной день
1981,"2023-06-04",Воскресенье,Выходной день
1982,"2023-06-05",Понедельник,Рабочий день
1983,"2023-06-06",Вторник,Рабочий день
1984,"2023-06-07",Среда,Рабочий день
1985,"2023-06-08",Четверг,Рабочий день
1986,"2023-06-09",Пятница,Рабочий день
1987,"2023-06-10",Суббота,Выходной день
1988,"2023-06-11",Воскресенье,Выходной день
1989,"2023-06-12",Понедельник,Рабочий день
1990,"2023-06-13",Вторник,Рабочий день
1991,"2023-06-14",Среда,Рабочий день
1992,"2023-06-15",Четверг,Рабочий день
1993,"2023-06-16",Пятница,Рабочий день
1994,"2023-06-17",Суббота,Выходной день
1995,"2023-06-18",Воскресенье,Выходной день
1996,"2023-06-19",Понедельник,Рабочий день
1997,"2023-06-20",Вторник,Рабочий день
1998,"2023-06-21",Среда,Рабочий день
1999,"2023-06-22",Четверг,Рабочий день
2000,"2023-06-23",Пятница,Рабочий день
2001,"2023-06-24",Суббота,Выходной день
2002,"2023-06-25",Воскресенье,Выходной день
2003,"2023-06-26",Понедельник,Рабочий день
2004,"2023-06-27",Вторник,Рабочий день
2005,"2023-06-28",Среда,Рабочий день
2006,"2023-06-29",Четверг,Рабочий день
2007,"2023-06-30",Пятница,Рабочий день
2008,"2023-07-01",Суббота,Выходной день
2009,"2023-07-02",Воскресенье,Выходной день
2010,"2023-07-03",Понедельник,Рабочий день
2011,"2023-07-04",Вторник,Рабочий день
2012,"2023-07-05",Среда,Рабочий день
2013,"2023-07-06",Четверг,Рабочий день
2014,"2023-07-07",Пятница,Рабочий день
2015,"2023-07-08",Суббота,Выходной день
2016,"2023-07-09",Воскресенье,Выходной день
2017,"2023-07-10",Понедельник,Рабочий день
2018,"2023-07-11",Вторник,Рабочий день
2019,"2023-07-12",Среда,Рабочий день
2020,"2023-07-13",Четверг,Рабочий день
2021,"2023-07-14",Пятница,Рабочий день
2022,"2023-07-15",Суббота,Выходной день
2023,"2023-07-16",Воскресенье,Выходной день
2024,"2023-07-17",Понедельник,Рабочий день
2025,"2023-07-18",Вторник,Рабочий день
2026,"2023-07-19",Среда,Рабочий день
2027,"2023-07-20",Четверг,Рабочий день
2028,"2023-07-21",Пятница,Рабочий день
2029,"2023-07-22",Суббота,Выходной день
2030,"2023-07-23",Воскресенье,Выходной день
2031,"2023-07-24",Понедельник,Рабочий день
2032,"2023-07-25",Вторник,Рабочий день
2033,"2023-07-26",Среда,Рабочий день
2034,"2023-07-27",Четверг,Рабочий день
2035,"2023-07-28",Пятница,Рабочий день
2036,"2023-07-29",Суббота,Выходной день
2037,"2023-07-30",Воскресенье,Выходной день
2038,"2023-07-31",Понедельник,Рабочий день
2039,"2023-08-01",Вторник,Рабочий день
2040,"2023-08-02",Среда,Рабочий день
2041,"2023-08-03",Четверг,Рабочий день
2042,"2023-08-04",Пятница,Рабочий день
2043,"2023-08-05",Суббота,Выходной день
2044,"2023-08-06",Воскресенье,Выходной день
2045,"2023-08-07",Понедельник,Рабочий день
2046,"2023-08-08",Вторник,Рабочий день
2047,"2023-08-09",Среда,Рабочий день
2048,"2023-08-10",Четверг,Рабочий день
2049,"2023-08-11",Пятница,Рабочий день
2050,"2023-08-12",Суббота,Выходной день
2051,"2023-08-13",Воскресенье,Выходной день
2052,"2023-08-14",Понедельник,Рабочий день
2053,"2023-08-15",Вторник,Рабочий день
2054,"2023-08-16",Среда,Рабочий день
2055,"2023-08-17",Четверг,Рабочий день
2056,"2023-08-18",Пятница,Рабочий день
2057,"2023-08-19",Суббота,Выходной день
2058,"2023-08-20",Воскресенье,Выходной день
2059,"2023-08-21",Понедельник,Рабочий день
2060,"2023-08-22",Вторник,Рабочий день
2061,"2023-08-23",Среда,Рабочий день
2062,"2023-08-24",Четверг,Рабочий день
2063,"2023-08-25",Пятница,Рабочий день
2064,"2023-08-26",Суббота,Выходной день
2065,"2023-08-27",Воскресенье,Выходной день
2066,"2023-08-28",Понедельник,Рабочий день
2067,"2023-08-29",Вторник,Рабочий день
2068,"2023-08-30",Среда,Рабочий день
2069,"2023-08-31",Четверг,Рабочий день
2070,"2023-09-01",Пятница,Рабочий день
2071,"2023-09-02",Суббота,Выходной день
2072,"2023-09-03",Воскресенье,Выходной день
2073,"2023-09-04",Понедельник,Рабочий день
2074,"2023-09-05",Вторник,Рабочий день
2075,"2023-09-06",Среда,Рабочий день
2076,"2023-09-07",Четверг,Рабочий день
2077,"2023-09-08",Пятница,Рабочий день
2078,"2023-09-09",Суббота,Выходной день
2079,"2023-09-10",Воскресенье,Выходной день
2080,"2023-09-11",Понедельник,Рабочий день
2081,"2023-09-12",Вторник,Рабочий день
2082,"2023-09-13",Среда,Рабочий день
2083,"2023-09-14",Четверг,Рабочий день
2084,"2023-09-15",Пятница,Рабочий день
2085,"2023-09-16",Суббота,Выходной день
2086,"2023-09-17",Воскресенье,Выходной день
2087,"2023-09-18",Понедельник,Рабочий день
2088,"2023-09-19",Вторник,Рабочий день
2089,"2023-09-20",Среда,Рабочий день
2090,"2023-09-21",Четверг,Рабочий день
2091,"2023-09-22",Пятница,Рабочий день
2092,"2023-09-23",Суббота,Выходной день
2093,"2023-09-24",Воскресенье,Выходной день
2094,"2023-09-25",Понедельник,Рабочий день
2095,"2023-09-26",Вторник,Рабочий день
2096,"2023-09-27",Среда,Рабочий день
2097,"2023-09-28",Четверг,Рабочий день
2098,"2023-09-29",Пятница,Рабочий день
2099,"2023-09-30",Суббота,Выходной день
2100,"2023-10-01",Воскресенье,Выходной день
2101,"2023-10-02",Понедельник,Рабочий день
2102,"2023-10-03",Вторник,Рабочий день
2103,"2023-10-04",Среда,Рабочий день
2104,"2023-10-05",Четверг,Рабочий день
2105,"2023-10-06",Пятница,Рабочий день
2106,"2023-10-07",Суббота,Выходной день
2107,"2023-10-08",Воскресенье,Выходной день
2108,"2023-10-09",Понедельник,Рабочий день
2109,"2023-10-10",Вторник,Рабочий день
2110,"2023-10-11",Среда,Рабочий день
2111,"2023-10-12",Четверг,Рабочий день
2112,"2023-10-13",Пятница,Рабочий день
2113,"2023-10-14",Суббота,Выходной день
2114,"2023-10-15",Воскресенье,Выходной день
2115,"2023-10-16",Понедельник,Рабочий день
2116,"2023-10-17",Вторник,Рабочий день
2117,"2023-10-18",Среда,Рабочий день
2118,"2023-10-19",Четверг,Рабочий день
2119,"2023-10-20",Пятница,Рабочий день
2120,"2023-10-21",Суббота,Выходной день
2121,"2023-10-22",Воскресенье,Выходной день
2122,"2023-10-23",Понедельник,Рабочий день
2123,"2023-10-24",Вторник,Рабочий день
2124,"2023-10-25",Среда,Рабочий день
2125,"2023-10-26",Четверг,Рабочий день
2126,"2023-10-27",Пятница,Рабочий день
2127,"2023-10-28",Суббота,Выходной день
2128,"2023-10-29",Воскресенье,Выходной день
2129,"2023-10-30",Понедельник,Рабочий день
2130,"2023-10-31",Вторник,Рабочий день
2131,"2023-11-01",Среда,Рабочий день
2132,"2023-11-02",Четверг,Рабочий день
2133,"2023-11-03",Пятница,Рабочий день
2134,"2023-11-04",Суббота,Выходной день
2135,"2023-11-05",Воскресенье,Выходной день
2136,"2023-11-06",Понедельник,Праздник
2137,"2023-11-07",Вторник,Рабочий день
2138,"2023-11-08",Среда,Рабочий день
2139,"2023-11-09",Четверг,Рабочий день
2140,"2023-11-10",Пятница,Рабочий день
2141,"2023-11-11",Суббота,Выходной день
2142,"2023-11-12",Воскресенье,Выходной день
2143,"2023-11-13",Понедельник,Рабочий день
2144,"2023-11-14",Вторник,Рабочий день
2145,"2023-11-15",Среда,Рабочий день
2146,"2023-11-16",Четверг,Рабочий день
2147,"2023-11-17",Пятница,Рабочий день
2148,"2023-11-18",Суббота,Выходной день
2149,"2023-11-19",Воскресенье,Выходной день
2150,"2023-11-20",Понедельник,Рабочий день
2151,"2023-11-21",Вторник,Рабочий день
2152,"2023-11-22",Среда,Рабочий день
2153,"2023-11-23",Четверг,Рабочий день
2154,"2023-11-24",Пятница,Рабочий день
2155,"2023-11-25",Суббота,Выходной день
2156,"2023-11-26",Воскресенье,Выходной день
2157,"2023-11-27",Понедельник,Рабочий день
2158,"2023-11-28",Вторник,Рабочий день
2159,"2023-11-29",Среда,Рабочий день
2160,"2023-11-30",Четверг,Рабочий день
2161,"2023-12-01",Пятница,Рабочий день
2162,"2023-12-02",Суббота,Выходной день
2163,"2023-12-03",Воскресенье,Выходной день
2164,"2023-12-04",Понедельник,Рабочий день
2165,"2023-12-05",Вторник,Рабочий день
2166,"2023-12-06",Среда,Рабочий день
2167,"2023-12-07",Четверг,Рабочий день
2168,"2023-12-08",Пятница,Рабочий день
2169,"2023-12-09",Суббота,Выходной день
2170,"2023-12-10",Воскресенье,Выходной день
2171,"2023-12-11",Понедельник,Рабочий день
2172,"2023-12-12",Вторник,Рабочий день
2173,"2023-12-13",Среда,Рабочий день
2174,"2023-12-14",Четверг,Рабочий день
2175,"2023-12-15",Пятница,Рабочий день
2176,"2023-12-16",Суббота,Выходной день
2177,"2023-12-17",Воскресенье,Выходной день
2178,"2023-12-18",Понедельник,Рабочий день
2179,"2023-12-19",Вторник,Рабочий день
2180,"2023-12-20",Среда,Рабочий день
2181,"2023-12-21",Четверг,Рабочий день
2182,"2023-12-22",Пятница,Рабочий день
2183,"2023-12-23",Суббота,Выходной день
2184,"2023-12-24",Воскресенье,Выходной день
2185,"2023-12-25",Понедельник,Рабочий день
2186,"2023-12-26",Вторник,Рабочий день
2187,"2023-12-27",Среда,Рабочий день
2188,"2023-12-28",Четверг,Рабочий день
2189,"2023-12-29",Пятница,Рабочий день
2190,"2023-12-30",Суббота,Выходной день
2191,"2023-12-31",Воскресенье,Выходной день
